heaviness,metric,load,configuration,n,median,q1,q3
matched,tat_ns,0.3,g,30,133.19,127.056,138.275
matched,tat_ns,0.3,c,30,137.764,131.784,144.079
matched,tat_ns,0.3,c2,30,141.898,131.404,148.9
matched,tat_ns,0.3,p,30,146.353,136.594,155.693
matched,tat_ns,0.3,p_grp,30,149.382,144.607,160.569
matched,tat_ns,0.45,g,30,210.547,204.315,218.942
matched,tat_ns,0.45,c,30,218.444,208.44,227.593
matched,tat_ns,0.45,c2,30,219.048,208.417,227.917
matched,tat_ns,0.45,p,30,220.998,211.974,234.102
matched,tat_ns,0.45,p_grp,30,229.262,221.206,242.486
matched,tat_ns,0.6,g,30,293.627,280.732,302.853
matched,tat_ns,0.6,c,30,300.119,296.496,315.877
matched,tat_ns,0.6,c2,30,308.932,289.854,320.138
matched,tat_ns,0.6,p,30,310.971,289.774,329.193
matched,tat_ns,0.6,p_grp,30,328.618,306.587,354.742
