metric,kind,configuration,n,median,q1,q3
tet_ns,SL,g,19,1205.92,1194.95,1224.77
tet_ns,SL,c,20,1221.62,1198.78,1259.76
tet_ns,SL,c2,20,1243.3,1216.61,1273.33
tet_ns,SL,p,20,1243.25,1230.74,1264.72
tet_ns,SL,p_grp,20,1153.02,1140.81,1157.38
tet_ns,BL,g,20,1936.49,1875.52,2202.73
tet_ns,BL,c,20,2445.14,1974.51,2638.69
tet_ns,BL,c2,20,2539.76,2244.04,2686.68
tet_ns,BL,p,19,2506.93,2349.1,2764.59
tet_ns,BL,p_grp,20,1688.57,1679.02,1694.38
tet_ns,SH,g,20,1119.81,1116.08,1130.16
tet_ns,SH,c,20,1134.48,1119.1,1144.21
tet_ns,SH,c2,20,1142.89,1123.68,1155.98
tet_ns,SH,p,20,1139.3,1128.45,1148
tet_ns,SH,p_grp,20,1100.44,1095.73,1104.51
tet_ns,BH,g,20,1848.31,1794.88,1921.81
tet_ns,BH,c,20,1948.69,1824.96,2205.97
tet_ns,BH,c2,19,2109,1875.14,2211.97
tet_ns,BH,p,20,2104.91,1931.67,2188
tet_ns,BH,p_grp,20,1641.21,1632.07,1649.74
