metric,u_cv,configuration,n,median,q1,q3
core_imbalance,0,g,20,1.02276,1.01623,1.03106
core_imbalance,0,c,20,1.03562,1.01781,1.05445
core_imbalance,0,c2,20,1.04463,1.03146,1.06475
core_imbalance,0,p_bal,20,1.05226,1.03666,1.06456
core_imbalance,0,p,20,1.01302,1.01105,1.01752
core_imbalance,0,p_grp,20,1.12201,1.1175,1.1267
core_imbalance,0,p_grp_bal,20,1.125,1.11531,1.1278
core_imbalance,0.25,g,20,1.02012,1.01283,1.02595
core_imbalance,0.25,c,20,1.04217,1.02847,1.05392
core_imbalance,0.25,c2,20,1.04892,1.04524,1.07147
core_imbalance,0.25,p_bal,20,1.05607,1.04165,1.07248
core_imbalance,0.25,p,20,1.08162,1.05355,1.09892
core_imbalance,0.25,p_grp,20,1.16055,1.1421,1.19328
core_imbalance,0.25,p_grp_bal,20,1.13068,1.10356,1.1605
core_imbalance,0.5,g,20,1.02399,1.01664,1.0313
core_imbalance,0.5,c,20,1.04974,1.03418,1.0791
core_imbalance,0.5,c2,20,1.06826,1.03963,1.1038
core_imbalance,0.5,p_bal,20,1.07334,1.04078,1.0901
core_imbalance,0.5,p,20,1.18847,1.1093,1.25531
core_imbalance,0.5,p_grp,20,1.20025,1.17309,1.26785
core_imbalance,0.5,p_grp_bal,20,1.14215,1.08712,1.20722
core_imbalance,0.75,g,20,1.02945,1.01438,1.04278
core_imbalance,0.75,c,20,1.0631,1.03169,1.08542
core_imbalance,0.75,c2,20,1.07215,1.0435,1.08437
core_imbalance,0.75,p_bal,20,1.06722,1.05019,1.09758
core_imbalance,0.75,p,20,1.25999,1.20087,1.32819
core_imbalance,0.75,p_grp,20,1.27212,1.2079,1.33243
core_imbalance,0.75,p_grp_bal,20,1.13564,1.08934,1.23963
