metric,cv,group,series,n,median,q1,q3
TAT,0.0000,traffic as-is,g,20,186.1938,184.3053,187.5324
TAT,0.0000,traffic as-is,c,20,186.3985,184.5250,190.6114
TAT,0.0000,traffic as-is,c2,20,189.5169,186.8082,193.2530
TAT,0.0000,traffic as-is,p,20,192.6998,187.5695,196.7445
TAT,0.0000,traffic as-is,p_grp,20,181.2075,181.2011,181.2118
TAT,0.0000,traffic matched,g,20,117.8719,116.9725,118.9241
TAT,0.0000,traffic matched,c,20,119.8416,118.7552,120.5074
TAT,0.0000,traffic matched,c2,20,119.4330,117.7796,120.5177
TAT,0.0000,traffic matched,p,20,120.6612,119.6926,121.2517
TAT,0.0000,traffic matched,p_grp,20,128.3837,128.3172,128.4264
TAT,0.1000,traffic as-is,g,20,186.0584,184.0489,187.3065
TAT,0.1000,traffic as-is,c,20,184.6978,183.6025,186.9470
TAT,0.1000,traffic as-is,c2,20,184.9927,184.2669,186.9864
TAT,0.1000,traffic as-is,p,20,183.6435,182.5646,184.5988
TAT,0.1000,traffic as-is,p_grp,20,180.3176,179.7578,181.3935
TAT,0.1000,traffic matched,g,20,116.4828,115.9595,117.1822
TAT,0.1000,traffic matched,c,20,116.7534,115.2739,117.5774
TAT,0.1000,traffic matched,c2,20,115.5494,113.9903,116.2125
TAT,0.1000,traffic matched,p,20,115.0934,114.0503,116.0321
TAT,0.1000,traffic matched,p_grp,20,117.0742,116.1114,119.1209
TAT,0.2000,traffic as-is,g,19,185.8168,184.5937,187.2104
TAT,0.2000,traffic as-is,c,20,184.6028,182.7577,187.2334
TAT,0.2000,traffic as-is,c2,20,184.8305,183.2223,186.2743
TAT,0.2000,traffic as-is,p,20,183.7691,181.7519,184.4381
TAT,0.2000,traffic as-is,p_grp,20,179.8082,178.3263,182.0822
TAT,0.2000,traffic matched,g,20,116.2537,115.7691,117.9947
TAT,0.2000,traffic matched,c,20,116.0614,114.5159,116.8355
TAT,0.2000,traffic matched,c2,20,115.5256,114.5922,117.1377
TAT,0.2000,traffic matched,p,20,114.9956,114.0595,116.3655
TAT,0.2000,traffic matched,p_grp,20,116.6563,115.9251,117.9848
TAT,0.3000,traffic as-is,g,20,183.7245,182.3684,186.8391
TAT,0.3000,traffic as-is,c,20,184.5911,181.2759,186.4391
TAT,0.3000,traffic as-is,c2,20,185.9889,181.7346,187.0039
TAT,0.3000,traffic as-is,p,20,183.0065,181.5481,185.4890
TAT,0.3000,traffic as-is,p_grp,20,178.7208,177.1821,182.2594
TAT,0.3000,traffic matched,g,20,115.9972,115.2849,116.9398
TAT,0.3000,traffic matched,c,19,115.8492,113.8508,116.5819
TAT,0.3000,traffic matched,c2,20,114.7225,114.1931,116.4516
TAT,0.3000,traffic matched,p,20,114.8857,113.5876,116.7958
TAT,0.3000,traffic matched,p_grp,20,116.4970,115.3648,117.9197
