traffic,cv,group,series,n,median,q1,q3
matched,0.0000,high-CLS tasks,g,20,2.9498,2.9036,2.9714
matched,0.0000,high-CLS tasks,c,20,3.0429,3.0140,3.1092
matched,0.0000,high-CLS tasks,c2,20,3.0967,2.9966,3.1703
matched,0.0000,high-CLS tasks,p,20,3.1674,3.1206,3.2326
matched,0.0000,high-CLS tasks,p_grp,20,3.1857,3.1844,3.1869
matched,0.0000,low-CLS tasks,g,20,2.7635,2.7522,2.7753
matched,0.0000,low-CLS tasks,c,20,2.7732,2.6718,2.7823
matched,0.0000,low-CLS tasks,c2,20,2.6940,2.6597,2.7730
matched,0.0000,low-CLS tasks,p,20,2.6824,2.6589,2.7554
matched,0.0000,low-CLS tasks,p_grp,20,2.8122,2.8118,2.8123
matched,0.1000,high-CLS tasks,g,20,2.9021,2.8844,2.9155
matched,0.1000,high-CLS tasks,c,20,2.9162,2.8676,2.9383
matched,0.1000,high-CLS tasks,c2,20,2.8869,2.8445,2.9304
matched,0.1000,high-CLS tasks,p,20,2.8767,2.8561,2.9388
matched,0.1000,high-CLS tasks,p_grp,20,2.8954,2.8658,2.9429
matched,0.1000,low-CLS tasks,g,20,2.7596,2.7476,2.7867
matched,0.1000,low-CLS tasks,c,20,2.7731,2.7189,2.7906
matched,0.1000,low-CLS tasks,c2,20,2.7628,2.7308,2.7844
matched,0.1000,low-CLS tasks,p,20,2.7550,2.7261,2.7900
matched,0.1000,low-CLS tasks,p_grp,20,2.8139,2.7949,2.8292
matched,0.2000,high-CLS tasks,g,20,2.8909,2.8547,2.9247
matched,0.2000,high-CLS tasks,c,20,2.8958,2.8600,2.9295
matched,0.2000,high-CLS tasks,c2,20,2.9057,2.8852,2.9693
matched,0.2000,high-CLS tasks,p,20,2.8978,2.8684,2.9169
matched,0.2000,high-CLS tasks,p_grp,20,2.8636,2.8462,2.8943
matched,0.2000,low-CLS tasks,g,20,2.7615,2.7448,2.7794
matched,0.2000,low-CLS tasks,c,20,2.7602,2.7115,2.7903
matched,0.2000,low-CLS tasks,c2,20,2.7444,2.7251,2.7724
matched,0.2000,low-CLS tasks,p,20,2.7372,2.7097,2.7713
matched,0.2000,low-CLS tasks,p_grp,20,2.8167,2.8034,2.8399
matched,0.3000,high-CLS tasks,g,20,2.8709,2.8442,2.9170
matched,0.3000,high-CLS tasks,c,19,2.8779,2.8507,2.9108
matched,0.3000,high-CLS tasks,c2,20,2.8863,2.8551,2.9347
matched,0.3000,high-CLS tasks,p,20,2.9130,2.8472,2.9482
matched,0.3000,high-CLS tasks,p_grp,20,2.8563,2.8255,2.8905
matched,0.3000,low-CLS tasks,g,20,2.7461,2.7252,2.7635
matched,0.3000,low-CLS tasks,c,19,2.7446,2.6859,2.7966
matched,0.3000,low-CLS tasks,c2,20,2.7294,2.7021,2.7616
matched,0.3000,low-CLS tasks,p,20,2.7242,2.6957,2.7639
matched,0.3000,low-CLS tasks,p_grp,20,2.8111,2.7854,2.8266
