metric,cv,low_fraction,group,series,n,median,q1,q3
TET,0.1000,0.0000,,g,19,467.5337,463.8917,471.4776
TET,0.1000,0.0000,,c,20,471.6833,467.4574,478.6507
TET,0.1000,0.0000,,c2,20,474.3825,470.4317,479.8551
TET,0.1000,0.0000,,p,18,473.1177,463.8015,483.9281
TET,0.1000,0.2500,,g,20,558.3796,552.0052,563.3826
TET,0.1000,0.2500,,c,20,567.2554,554.2242,582.4710
TET,0.1000,0.2500,,c2,20,571.1561,559.0998,583.9313
TET,0.1000,0.2500,,p,20,580.4813,562.9037,585.9764
TET,0.1000,0.2500,,p_grp,20,531.2624,525.8274,537.3299
TET,0.1000,0.5000,,g,20,697.2371,689.3989,702.6354
TET,0.1000,0.5000,,c,20,700.9123,692.1423,711.7767
TET,0.1000,0.5000,,c2,20,709.1270,706.3578,717.3010
TET,0.1000,0.5000,,p,20,718.8712,710.5282,723.1527
TET,0.1000,0.5000,,p_grp,20,638.6069,634.6354,643.8064
TET,0.1000,0.7500,,g,20,872.0932,864.8743,876.1311
TET,0.1000,0.7500,,c,20,876.8245,870.9555,883.5361
TET,0.1000,0.7500,,c2,20,889.1963,881.3619,894.5065
TET,0.1000,0.7500,,p,20,899.5895,897.4926,903.2835
TET,0.1000,0.7500,,p_grp,20,827.3722,826.4696,829.7756
TET,0.1000,1.0000,,g,20,1095.1041,1093.5075,1096.3120
TET,0.1000,1.0000,,c,20,1096.1052,1094.6132,1097.4262
TET,0.1000,1.0000,,c2,20,1095.3106,1093.7416,1096.4295
TET,0.1000,1.0000,,p,20,1095.7012,1094.1639,1096.7410
