metric,ws_level_pct,sweeps,architecture,n,median_ms,q1_ms,q3_ms
TET,25,8,g,20,5.7646,5.5332,5.8377
TET,25,8,c,20,5.5006,5.3857,5.6349
TET,25,8,c2,20,5.2769,5.1462,5.4177
TET,25,8,p,20,5.1022,4.8964,5.1436
TET,50,8,g,20,10.3436,10.0369,10.5842
TET,50,8,c,20,10.0347,9.6620,10.3012
TET,50,8,c2,20,9.6872,9.2875,9.8478
TET,50,8,p,20,9.3680,8.8957,9.4964
TET,100,8,g,20,19.9638,19.0934,20.3527
TET,100,8,c,20,19.8419,18.7686,20.1548
TET,100,8,c2,20,19.7625,18.6554,20.1361
TET,100,8,p,20,19.5553,18.4367,19.9153
TET,150,8,g,20,29.6772,28.4765,30.1510
TET,150,8,c,19,29.7622,28.5529,30.2743
TET,150,8,c2,20,29.7520,28.5852,30.2518
TET,150,8,p,20,29.6897,28.5199,30.1389
