traffic,low_fraction,cv,group,series,n,median,q1,q3
matched,0.2500,0.0000,high-CLS tasks,g,20,2.9886,2.9510,3.1223
matched,0.2500,0.0000,high-CLS tasks,c,20,3.0776,3.0258,3.1415
matched,0.2500,0.0000,high-CLS tasks,c2,20,3.1515,3.0827,3.2522
matched,0.2500,0.0000,high-CLS tasks,p,20,3.1624,3.1247,3.2494
matched,0.2500,0.0000,high-CLS tasks,p_grp,20,3.1903,3.1789,3.1967
matched,0.2500,0.0000,low-CLS tasks,g,20,2.8171,2.7997,2.8393
matched,0.2500,0.0000,low-CLS tasks,c,20,2.8035,2.7947,2.8463
matched,0.2500,0.0000,low-CLS tasks,c2,20,2.7960,2.7827,2.8329
matched,0.2500,0.0000,low-CLS tasks,p,20,2.8012,2.7935,2.8326
matched,0.2500,0.0000,low-CLS tasks,p_grp,20,2.9488,2.9483,2.9513
matched,0.2500,0.1000,high-CLS tasks,g,20,2.9163,2.8911,2.9310
matched,0.2500,0.1000,high-CLS tasks,c,20,2.9322,2.9151,2.9495
matched,0.2500,0.1000,high-CLS tasks,c2,20,2.9508,2.9347,2.9855
matched,0.2500,0.1000,high-CLS tasks,p,20,2.9173,2.8811,2.9975
matched,0.2500,0.1000,high-CLS tasks,p_grp,20,2.9145,2.8969,2.9488
matched,0.2500,0.1000,low-CLS tasks,g,20,2.8229,2.8001,2.8381
matched,0.2500,0.1000,low-CLS tasks,c,20,2.8101,2.7748,2.8456
matched,0.2500,0.1000,low-CLS tasks,c2,20,2.8053,2.7672,2.8299
matched,0.2500,0.1000,low-CLS tasks,p,20,2.7972,2.7309,2.8178
matched,0.2500,0.1000,low-CLS tasks,p_grp,20,2.8452,2.8365,2.8533
matched,0.2500,0.2000,high-CLS tasks,g,20,2.9108,2.8841,2.9345
matched,0.2500,0.2000,high-CLS tasks,c,20,2.9117,2.8725,2.9500
matched,0.2500,0.2000,high-CLS tasks,c2,20,2.9108,2.8818,2.9408
matched,0.2500,0.2000,high-CLS tasks,p,20,2.9185,2.8893,2.9479
matched,0.2500,0.2000,high-CLS tasks,p_grp,20,2.8939,2.8492,2.9453
matched,0.2500,0.2000,low-CLS tasks,g,20,2.7965,2.7665,2.8282
matched,0.2500,0.2000,low-CLS tasks,c,20,2.7909,2.7428,2.8427
matched,0.2500,0.2000,low-CLS tasks,c2,20,2.7876,2.7224,2.8251
matched,0.2500,0.2000,low-CLS tasks,p,20,2.7539,2.7176,2.8037
matched,0.2500,0.2000,low-CLS tasks,p_grp,20,2.8310,2.8102,2.8436
matched,0.2500,0.3000,high-CLS tasks,g,20,2.9060,2.8636,2.9337
matched,0.2500,0.3000,high-CLS tasks,c,20,2.8949,2.8460,2.9204
matched,0.2500,0.3000,high-CLS tasks,c2,20,2.8794,2.8300,2.9264
matched,0.2500,0.3000,high-CLS tasks,p,20,2.8986,2.8455,2.9352
matched,0.2500,0.3000,high-CLS tasks,p_grp,20,2.8741,2.8323,2.9366
matched,0.2500,0.3000,low-CLS tasks,g,20,2.8120,2.7992,2.8326
matched,0.2500,0.3000,low-CLS tasks,c,20,2.7908,2.7815,2.8323
matched,0.2500,0.3000,low-CLS tasks,c2,20,2.8033,2.7586,2.8377
matched,0.2500,0.3000,low-CLS tasks,p,20,2.7611,2.7280,2.8070
matched,0.2500,0.3000,low-CLS tasks,p_grp,20,2.8069,2.7940,2.8486
