metric,low_fraction,cv,group,series,n,median,q1,q3
TAT,0.2500,0.0000,traffic as-is,g,20,149.3285,147.8769,152.6560
TAT,0.2500,0.0000,traffic as-is,c,20,153.9749,148.5736,157.9802
TAT,0.2500,0.0000,traffic as-is,c2,20,153.5315,147.6104,157.3175
TAT,0.2500,0.0000,traffic as-is,p,20,154.6278,147.2540,159.3281
TAT,0.2500,0.0000,traffic as-is,p_grp,20,149.7005,149.5714,149.8077
TAT,0.2500,0.0000,traffic matched,g,20,121.6459,120.1981,124.7170
TAT,0.2500,0.0000,traffic matched,c,20,123.4952,122.2757,124.8686
TAT,0.2500,0.0000,traffic matched,c2,20,126.4123,123.7457,128.9402
TAT,0.2500,0.0000,traffic matched,p,20,126.2059,124.4801,128.8890
TAT,0.2500,0.0000,traffic matched,p_grp,20,130.1628,129.5333,130.4164
TAT,0.2500,0.1000,traffic as-is,g,20,148.1867,145.8461,150.1007
TAT,0.2500,0.1000,traffic as-is,c,20,149.2034,146.2152,152.8565
TAT,0.2500,0.1000,traffic as-is,c2,20,148.2581,145.8865,152.0257
TAT,0.2500,0.1000,traffic as-is,p,20,150.0344,144.3478,151.8843
TAT,0.2500,0.1000,traffic as-is,p_grp,20,145.4065,145.0089,146.2454
TAT,0.2500,0.1000,traffic matched,g,20,118.9050,117.8339,119.3993
TAT,0.2500,0.1000,traffic matched,c,20,118.7058,118.0078,119.1912
TAT,0.2500,0.1000,traffic matched,c2,20,118.8390,118.2967,120.9141
TAT,0.2500,0.1000,traffic matched,p,20,118.8428,116.7597,120.1316
TAT,0.2500,0.1000,traffic matched,p_grp,20,118.9742,118.2551,119.8100
TAT,0.2500,0.2000,traffic as-is,g,20,147.5236,145.5334,150.0087
TAT,0.2500,0.2000,traffic as-is,c,20,147.3724,145.3426,152.3286
TAT,0.2500,0.2000,traffic as-is,c2,20,147.3333,145.9450,150.1417
TAT,0.2500,0.2000,traffic as-is,p,20,148.5515,144.8134,151.5120
TAT,0.2500,0.2000,traffic as-is,p_grp,20,144.8566,142.9953,146.7131
TAT,0.2500,0.2000,traffic matched,g,20,118.9056,117.3323,119.7646
TAT,0.2500,0.2000,traffic matched,c,20,117.3701,116.5129,119.4729
TAT,0.2500,0.2000,traffic matched,c2,20,117.5239,116.9201,118.9589
TAT,0.2500,0.2000,traffic matched,p,20,117.9305,116.7620,118.5378
TAT,0.2500,0.2000,traffic matched,p_grp,20,118.0063,116.1128,119.9334
TAT,0.2500,0.3000,traffic as-is,g,20,146.8087,144.8678,150.9240
TAT,0.2500,0.3000,traffic as-is,c,20,146.0677,144.5897,150.2783
TAT,0.2500,0.3000,traffic as-is,c2,20,146.1204,144.9044,148.8078
TAT,0.2500,0.3000,traffic as-is,p,20,146.8721,145.0573,151.6315
TAT,0.2500,0.3000,traffic as-is,p_grp,20,143.8834,141.8550,146.3157
TAT,0.2500,0.3000,traffic matched,g,20,118.4698,116.8738,119.5682
TAT,0.2500,0.3000,traffic matched,c,20,117.2753,115.9758,119.1472
TAT,0.2500,0.3000,traffic matched,c2,20,117.2301,116.0812,118.5081
TAT,0.2500,0.3000,traffic matched,p,20,116.9830,116.0398,118.4266
TAT,0.2500,0.3000,traffic matched,p_grp,20,117.6644,116.4571,120.6545
