scheme,method,mean_tat_ms,infeasible_choices
set,oracle,228.137,0
set,always wfd,234.919,7
set,always tg,238.386,5
set,always ra,224.905,7
set,always ra-tg,228.637,7
set,R0 / regressor,227.301,8
set,R2 / regressor,226.14,5.6
set,R4 / regressor,225.565,5.8
condition,oracle,228.137,0
condition,always wfd,234.919,7
condition,always tg,238.386,5
condition,always ra,224.905,7
condition,always ra-tg,228.637,7
condition,R0 / regressor,227.684,7.8
condition,R2 / regressor,228.079,4.6
condition,R4 / regressor,228.692,3.6
