panel,method,sets,mean_tat_ms,infeasible_choices
Traffic as-is (exp. 5),oracle,239,184.2699,0.0000
Traffic as-is (exp. 5),always mixed,239,187.9056,0.0000
Traffic as-is (exp. 5),always grouped,239,184.4674,0.0000
Traffic as-is (exp. 5),R0 / classifier,239,184.9230,0.0000
Traffic as-is (exp. 5),R0-CLP / classifier,239,184.5214,0.0000
Traffic as-is (exp. 5),R1 / classifier,239,184.9556,0.0000
Traffic as-is (exp. 5),R2 / classifier,239,184.4799,0.0000
Traffic as-is (exp. 5),R3 / classifier,239,184.4895,0.0000
Traffic as-is (exp. 5),R4 / classifier,239,184.4778,0.0000
Traffic matched (exp. 5),oracle,239,115.6379,0.0000
Traffic matched (exp. 5),always mixed,239,115.9960,0.0000
Traffic matched (exp. 5),always grouped,239,118.5057,0.0000
Traffic matched (exp. 5),R0 / classifier,239,116.5439,0.0000
Traffic matched (exp. 5),R0-CLP / classifier,239,116.0516,0.0000
Traffic matched (exp. 5),R1 / classifier,239,116.5242,0.0000
Traffic matched (exp. 5),R2 / classifier,239,116.0759,0.0000
Traffic matched (exp. 5),R3 / classifier,239,116.1024,0.0000
Traffic matched (exp. 5),R4 / classifier,239,116.0786,0.0000
Load level (exp. 6),oracle,60,180.5383,0.0000
Load level (exp. 6),always mixed,60,184.0125,0.0000
Load level (exp. 6),always grouped,60,180.5383,0.0000
Load level (exp. 6),R0 / classifier,60,180.5383,0.0000
Load level (exp. 6),R0-CLP / classifier,60,180.5383,0.0000
Load level (exp. 6),R1 / classifier,60,180.5383,0.0000
Load level (exp. 6),R2 / classifier,60,180.5383,0.0000
Load level (exp. 6),R3 / classifier,60,180.5383,0.0000
Load level (exp. 6),R4 / classifier,60,180.5383,0.0000
Task-U imbalance (exp. 7),oracle,60,189.8471,0.0000
Task-U imbalance (exp. 7),always mixed,60,201.8954,0.0000
Task-U imbalance (exp. 7),always grouped,60,190.6611,0.0000
Task-U imbalance (exp. 7),R0 / classifier,60,190.7649,0.0000
Task-U imbalance (exp. 7),R0-CLP / classifier,60,190.7891,0.0000
Task-U imbalance (exp. 7),R1 / classifier,60,190.7606,0.0000
Task-U imbalance (exp. 7),R2 / classifier,60,190.6611,0.0000
Task-U imbalance (exp. 7),R3 / classifier,60,190.7493,0.0000
Task-U imbalance (exp. 7),R4 / classifier,60,190.6611,0.0000
Working set (exp. 8),oracle,79,399.8727,0.0000
Working set (exp. 8),always mixed,79,447.7590,0.0000
Working set (exp. 8),always grouped,79,402.0227,0.0000
Working set (exp. 8),R0 / classifier,79,401.9137,0.0000
Working set (exp. 8),R0-CLP / classifier,79,401.7225,0.0000
Working set (exp. 8),R1 / classifier,79,401.8865,0.0000
Working set (exp. 8),R2 / classifier,79,401.9018,0.0000
Working set (exp. 8),R3 / classifier,79,401.8348,0.0000
Working set (exp. 8),R4 / classifier,79,401.8034,0.0000
