metric,period_ms,mean_cls,cv,series,n,median_pct,significant
TAT,20,0.3,0.0,g,1,0.139591678693618,False
TAT,20,0.3,0.0,c,1,0.0419318354926812,False
TAT,20,0.3,0.0,c2,1,0.133654143625761,False
TAT,20,0.3,0.0,p_grp,1,0.002106793331013712,False
TAT,20,0.3,0.1,g,20,0.26179096713185857,True
TAT,20,0.3,0.1,c,20,0.04796596254199592,True
TAT,20,0.3,0.1,c2,20,0.007725761066557091,False
TAT,20,0.3,0.1,p_grp,20,-0.1330958718540387,True
TAT,20,0.3,0.2,g,20,0.3786332949796467,True
TAT,20,0.3,0.2,c,20,-0.03377594497123715,False
TAT,20,0.3,0.2,c2,20,0.04111065303114003,False
TAT,20,0.3,0.2,p_grp,20,-0.18579511132258975,True
TAT,20,0.3,0.3,g,20,0.2691237849059669,True
TAT,20,0.3,0.3,c,20,0.08756803373436428,False
TAT,20,0.3,0.3,c2,20,0.0775862457117471,False
TAT,20,0.3,0.3,p_grp,20,-0.3009400899512904,True
TAT,20,0.5,0.0,g,1,0.4401367576382764,False
TAT,20,0.5,0.0,c,1,0.0928978674688885,False
TAT,20,0.5,0.0,c2,1,0.07642899047930474,False
TAT,20,0.5,0.0,p_grp,1,-0.09583724268492633,False
TAT,20,0.5,0.1,g,20,0.3328225474278246,True
TAT,20,0.5,0.1,c,20,0.3107683401257333,False
TAT,20,0.5,0.1,c2,20,0.06733687609354888,False
TAT,20,0.5,0.1,p_grp,20,0.37431544527268823,True
TAT,20,0.5,0.2,g,20,0.061125055636962466,False
TAT,20,0.5,0.2,c,20,-0.0009800053101305384,False
TAT,20,0.5,0.2,c2,20,0.015661147057932645,False
TAT,20,0.5,0.2,p_grp,20,-0.28008136009596285,True
TAT,20,0.5,0.3,g,20,0.33210517376248694,True
TAT,20,0.5,0.3,c,20,0.33042654790562676,True
TAT,20,0.5,0.3,c2,20,0.03856176875034478,False
TAT,20,0.5,0.3,p_grp,20,-0.4256501216286568,True
TAT,20,0.7,0.0,g,1,0.8741849498053789,False
TAT,20,0.7,0.0,c,1,0.1365413774359281,False
TAT,20,0.7,0.0,c2,1,-0.017595568775430337,False
TAT,20,0.7,0.0,p_grp,1,-0.12163623550750513,False
TAT,20,0.7,0.1,g,20,0.47850286280820553,True
TAT,20,0.7,0.1,c,20,0.2801374161671921,False
TAT,20,0.7,0.1,c2,20,0.1588248366450551,False
TAT,20,0.7,0.1,p_grp,20,-0.14267838038682368,False
TAT,20,0.7,0.2,g,20,0.11987274141104232,False
TAT,20,0.7,0.2,c,20,0.28164570463905525,False
TAT,20,0.7,0.2,c2,20,0.051596588394087206,False
TAT,20,0.7,0.2,p_grp,20,-0.577551063309284,True
TAT,20,0.7,0.3,g,20,0.05724284899902843,False
TAT,20,0.7,0.3,c,20,0.08083184607250438,False
TAT,20,0.7,0.3,c2,20,0.13542588778526765,False
TAT,20,0.7,0.3,p_grp,20,-0.48808561146543306,True
TAT,100,0.3,0.0,g,1,0.07974063233369133,False
TAT,100,0.3,0.0,c,1,0.021737337566829495,False
TAT,100,0.3,0.0,c2,1,0.05608947584641033,False
TAT,100,0.3,0.0,p_grp,1,-0.08128490193403115,False
TAT,100,0.3,0.1,g,20,-0.02354334565997096,False
TAT,100,0.3,0.1,c,20,0.012281973779659783,False
TAT,100,0.3,0.1,c2,20,-0.022697952762079643,False
TAT,100,0.3,0.1,p_grp,20,-0.07338268884234944,False
TAT,100,0.3,0.2,g,20,0.03853182940619648,False
TAT,100,0.3,0.2,c,20,0.13910746590670708,True
TAT,100,0.3,0.2,c2,20,0.048911548159558116,False
TAT,100,0.3,0.2,p_grp,20,0.17828585977575084,False
TAT,100,0.3,0.3,g,20,0.03837773521802035,False
TAT,100,0.3,0.3,c,20,0.18328624436990681,False
TAT,100,0.3,0.3,c2,20,0.047040487415839216,False
TAT,100,0.3,0.3,p_grp,20,-0.011454274108074758,False
TAT,100,0.5,0.0,g,1,0.06803580904151119,False
TAT,100,0.5,0.0,c,1,-0.02248605764542111,False
TAT,100,0.5,0.0,c2,1,-0.1578066959429303,False
TAT,100,0.5,0.0,p_grp,1,-0.034726869603285415,False
TAT,100,0.5,0.1,g,20,0.17552034939586347,False
TAT,100,0.5,0.1,c,20,0.15432927022676068,False
TAT,100,0.5,0.1,c2,20,0.061952003597987026,False
TAT,100,0.5,0.1,p_grp,20,0.8073662941287751,True
TAT,100,0.5,0.2,g,20,-0.06406114111780492,False
TAT,100,0.5,0.2,c,20,0.10876090890264978,False
TAT,100,0.5,0.2,c2,20,-0.039625045036550954,False
TAT,100,0.5,0.2,p_grp,20,-0.021743898622811342,False
TAT,100,0.5,0.3,g,20,-0.08098630841010257,False
TAT,100,0.5,0.3,c,20,0.17391635938354133,True
TAT,100,0.5,0.3,c2,20,0.03560858664356514,False
TAT,100,0.5,0.3,p_grp,20,-0.4471829284586948,True
TAT,100,0.7,0.0,g,1,0.2589344173994812,False
TAT,100,0.7,0.0,c,1,-0.05826386952564322,False
TAT,100,0.7,0.0,c2,1,0.0026006902029473977,False
TAT,100,0.7,0.0,p_grp,1,0.10979385258624852,False
TAT,100,0.7,0.1,g,20,0.1725922646646616,False
TAT,100,0.7,0.1,c,20,-0.10523837904121147,False
TAT,100,0.7,0.1,c2,20,-0.10463854074977408,False
TAT,100,0.7,0.1,p_grp,20,0.07330887243149897,False
TAT,100,0.7,0.2,g,20,-0.0948010527299481,False
TAT,100,0.7,0.2,c,20,-0.001254291619784409,False
TAT,100,0.7,0.2,c2,20,-0.014480373245850942,False
TAT,100,0.7,0.2,p_grp,20,-0.10477852312560931,False
TAT,100,0.7,0.3,g,20,-0.24685467841745745,False
TAT,100,0.7,0.3,c,20,0.005961154592104556,False
TAT,100,0.7,0.3,c2,20,0.04534748348441475,False
TAT,100,0.7,0.3,p_grp,20,-0.3535517348363437,False
TET,20,0.3,0.0,g,1,-0.16941341638613272,False
TET,20,0.3,0.0,c,1,-0.18108459985262115,False
TET,20,0.3,0.0,c2,1,-0.11955485685049005,False
TET,20,0.3,0.0,p_grp,1,0.050543911203271286,False
TET,20,0.3,0.1,g,20,0.030636235948833246,False
TET,20,0.3,0.1,c,20,-0.0356437070460347,True
TET,20,0.3,0.1,c2,20,0.028230204307400086,False
TET,20,0.3,0.1,p_grp,20,-0.04660610516162844,True
TET,20,0.3,0.2,g,20,-0.04013990923319444,False
TET,20,0.3,0.2,c,20,-0.023268421733935174,False
TET,20,0.3,0.2,c2,20,0.0038433568847251465,False
TET,20,0.3,0.2,p_grp,20,-0.1133231344714547,True
TET,20,0.3,0.3,g,20,0.04921556645989256,False
TET,20,0.3,0.3,c,20,-0.011678766728473455,False
TET,20,0.3,0.3,c2,20,-0.023636086605355322,False
TET,20,0.3,0.3,p_grp,20,-0.22593926132931652,True
TET,20,0.5,0.0,g,1,0.17441621768028437,False
TET,20,0.5,0.0,c,1,-0.04204121414834727,False
TET,20,0.5,0.0,c2,1,-0.040514840842653665,False
TET,20,0.5,0.0,p_grp,1,-0.09115926510725458,False
TET,20,0.5,0.1,g,20,-0.024870611623895034,False
TET,20,0.5,0.1,c,20,0.12657781906514343,False
TET,20,0.5,0.1,c2,20,-0.09176112118046142,False
TET,20,0.5,0.1,p_grp,20,0.25421726909899967,True
TET,20,0.5,0.2,g,20,-0.00526591453358094,False
TET,20,0.5,0.2,c,20,0.09314894714153032,False
TET,20,0.5,0.2,c2,20,-0.040854391530614764,False
TET,20,0.5,0.2,p_grp,20,-0.171563635891947,True
TET,20,0.5,0.3,g,20,0.006373592367397984,False
TET,20,0.5,0.3,c,20,0.16307232863944643,True
TET,20,0.5,0.3,c2,20,-0.026767877679773067,False
TET,20,0.5,0.3,p_grp,20,-0.5879159641935527,True
TET,20,0.7,0.0,g,1,0.4228000095576556,False
TET,20,0.7,0.0,c,1,-0.023812787088162146,False
TET,20,0.7,0.0,c2,1,-0.10526490681198597,False
TET,20,0.7,0.0,p_grp,1,-0.13159095018491218,False
TET,20,0.7,0.1,g,20,-0.5433770112970748,True
TET,20,0.7,0.1,c,20,-0.21183722904176694,False
TET,20,0.7,0.1,c2,20,-0.06991287131006829,False
TET,20,0.7,0.1,p_grp,20,-0.4345282383810267,True
TET,20,0.7,0.2,g,20,-0.7446322126818117,True
TET,20,0.7,0.2,c,20,-0.2727648709724029,True
TET,20,0.7,0.2,c2,20,-0.1543953407721732,False
TET,20,0.7,0.2,p_grp,20,-1.3773554251962916,True
TET,20,0.7,0.3,g,20,-0.6764955150413643,True
TET,20,0.7,0.3,c,20,-0.0874243277259601,False
TET,20,0.7,0.3,c2,20,-0.15622676493754484,False
TET,20,0.7,0.3,p_grp,20,-1.8105031805501048,True
TET,100,0.3,0.0,g,1,-0.07997264020409567,False
TET,100,0.3,0.0,c,1,0.009511109062620982,False
TET,100,0.3,0.0,c2,1,-0.03669060601602103,False
TET,100,0.3,0.0,p_grp,1,-0.09103677845695435,False
TET,100,0.3,0.1,g,20,-0.028027153672127714,False
TET,100,0.3,0.1,c,20,0.0013206613120986255,False
TET,100,0.3,0.1,c2,20,0.030861777201474094,False
TET,100,0.3,0.1,p_grp,20,0.059912584951504755,True
TET,100,0.3,0.2,g,20,-0.013336890933374201,False
TET,100,0.3,0.2,c,20,0.04311455917123119,False
TET,100,0.3,0.2,c2,20,0.00905144042463446,False
TET,100,0.3,0.2,p_grp,20,-0.0006402672348193583,False
TET,100,0.3,0.3,g,20,-0.020505574005419414,False
TET,100,0.3,0.3,c,20,0.03671687048469874,False
TET,100,0.3,0.3,c2,20,-0.0008861874741861175,False
TET,100,0.3,0.3,p_grp,20,-0.1875045036197842,True
TET,100,0.5,0.0,g,1,0.06770615675246727,False
TET,100,0.5,0.0,c,1,0.04352255750044165,False
TET,100,0.5,0.0,c2,1,-0.09490642836390561,False
TET,100,0.5,0.0,p_grp,1,0.019580672836316815,False
TET,100,0.5,0.1,g,20,0.15761845232922234,True
TET,100,0.5,0.1,c,20,0.10690378270489242,False
TET,100,0.5,0.1,c2,20,0.001690937198800535,False
TET,100,0.5,0.1,p_grp,20,0.31191603655952305,True
TET,100,0.5,0.2,g,20,0.024113688330085203,False
TET,100,0.5,0.2,c,20,0.07960954135187714,False
TET,100,0.5,0.2,c2,20,-0.06324081037127893,False
TET,100,0.5,0.2,p_grp,20,-0.14119704261955635,True
TET,100,0.5,0.3,g,20,-0.10425425135496269,True
TET,100,0.5,0.3,c,20,0.07051438338260274,False
TET,100,0.5,0.3,c2,20,-0.06035326956028153,False
TET,100,0.5,0.3,p_grp,20,-0.8648289880580529,True
TET,100,0.7,0.0,g,1,0.18557508947791845,False
TET,100,0.7,0.0,c,1,-0.09185542857341744,False
TET,100,0.7,0.0,c2,1,-0.004673265673871274,False
TET,100,0.7,0.0,p_grp,1,0.11134620163664177,False
TET,100,0.7,0.1,g,20,-0.03751841258695099,False
TET,100,0.7,0.1,c,20,-0.09389893756713841,False
TET,100,0.7,0.1,c2,20,-0.10020400764639281,False
TET,100,0.7,0.1,p_grp,20,-0.0993579740097672,False
TET,100,0.7,0.2,g,20,-0.36108027920500607,True
TET,100,0.7,0.2,c,20,-0.1788444205178763,True
TET,100,0.7,0.2,c2,20,-0.03317546171854868,False
TET,100,0.7,0.2,p_grp,20,-1.4137645875212101,True
TET,100,0.7,0.3,g,20,-0.4378037556236003,True
TET,100,0.7,0.3,c,20,-0.0866667688525169,False
TET,100,0.7,0.3,c2,20,-0.012410944580837358,False
TET,100,0.7,0.3,p_grp,20,-2.1203487681807354,True
