period_ms,mean_cls,cv,series,n,median_ms
20,0.3,0.0,g,1,676.897362
20,0.3,0.0,c,1,676.818226
20,0.3,0.0,c2,1,677.235426
20,0.3,0.0,p,1,678.046063
20,0.3,0.0,p_grp,1,678.388774
20,0.3,0.1,g,20,678.080289
20,0.3,0.1,c,20,677.644145
20,0.3,0.1,c2,20,677.975608
20,0.3,0.1,p,20,677.722369
20,0.3,0.1,p_grp,20,677.406509
20,0.3,0.2,g,20,678.426166
20,0.3,0.2,c,20,678.293105
20,0.3,0.2,c2,20,678.890193
20,0.3,0.2,p,20,678.698595
20,0.3,0.2,p_grp,20,677.78108
20,0.3,0.3,g,20,677.8242825
20,0.3,0.3,c,20,677.139364
20,0.3,0.3,c2,20,677.2756405
20,0.3,0.3,p,20,677.411474
20,0.3,0.3,p_grp,20,675.9610725
20,0.5,0.0,g,1,602.277709
20,0.5,0.0,c,1,600.976304
20,0.5,0.0,c2,1,600.985481
20,0.5,0.0,p,1,601.229068
20,0.5,0.0,p_grp,1,600.680992
20,0.5,0.1,g,20,604.44808
20,0.5,0.1,c,20,604.820395
20,0.5,0.1,c2,20,603.652659
20,0.5,0.1,p,20,603.153901
20,0.5,0.1,p_grp,20,605.9118685
20,0.5,0.2,g,20,603.287118
20,0.5,0.2,c,20,605.6042045
20,0.5,0.2,c2,20,603.0332575
20,0.5,0.2,p,20,604.3088634999999
20,0.5,0.2,p_grp,20,603.328507
20,0.5,0.3,g,20,603.5115905
20,0.5,0.3,c,20,604.867965
20,0.5,0.3,c2,20,603.2976975
20,0.5,0.3,p,20,603.416896
20,0.5,0.3,p_grp,20,600.456893
20,0.7,0.0,g,1,531.950818
20,0.7,0.0,c,1,529.58506
20,0.7,0.0,c2,1,529.153599
20,0.7,0.0,p,1,529.711199
20,0.7,0.0,p_grp,1,529.014147
20,0.7,0.1,g,20,517.617574
20,0.7,0.1,c,20,519.0779655
20,0.7,0.1,c2,20,521.2613610000001
20,0.7,0.1,p,20,521.1068645
20,0.7,0.1,p_grp,20,517.953426
20,0.7,0.2,g,20,519.036927
20,0.7,0.2,c,20,520.80554
20,0.7,0.2,c2,20,521.9696120000001
20,0.7,0.2,p,20,522.4990769999999
20,0.7,0.2,p_grp,20,515.2744505000001
20,0.7,0.3,g,20,527.266847
20,0.7,0.3,c,20,530.9545880000001
20,0.7,0.3,c2,20,530.011212
20,0.7,0.3,p,20,531.749947
20,0.7,0.3,p_grp,20,520.3565615
100,0.3,0.0,g,1,3429.000441
100,0.3,0.0,c,1,3432.071295
100,0.3,0.0,c2,1,3430.48577
100,0.3,0.0,p,1,3431.744898
100,0.3,0.0,p_grp,1,3428.620748
100,0.3,0.1,g,20,3398.215261
100,0.3,0.1,c,20,3396.3319414999996
100,0.3,0.1,c2,20,3399.583277
100,0.3,0.1,p,20,3398.0446709999997
100,0.3,0.1,p_grp,20,3403.205082
100,0.3,0.2,g,20,3394.6945275
100,0.3,0.2,c,20,3395.035112
100,0.3,0.2,c2,20,3393.0602245
100,0.3,0.2,p,20,3393.9890725
100,0.3,0.2,p_grp,20,3389.2285215
100,0.3,0.3,g,20,3396.4753220000002
100,0.3,0.3,c,20,3397.929882
100,0.3,0.3,c2,20,3398.62924
100,0.3,0.3,p,20,3398.031249
100,0.3,0.3,p_grp,20,3389.9578825
100,0.5,0.0,g,1,3016.753689
100,0.5,0.0,c,1,3016.024623
100,0.5,0.0,c2,1,3011.851387
100,0.5,0.0,p,1,3014.712543
100,0.5,0.0,p_grp,1,3015.302844
100,0.5,0.1,g,20,3020.1628575
100,0.5,0.1,c,20,3020.02653
100,0.5,0.1,c2,20,3017.6236744999997
100,0.5,0.1,p,20,3017.5360145000004
100,0.5,0.1,p_grp,20,3025.39682
100,0.5,0.2,g,20,3022.737918
100,0.5,0.2,c,20,3023.8187495
100,0.5,0.2,c2,20,3019.1134075
100,0.5,0.2,p,20,3023.3866985
100,0.5,0.2,p_grp,20,3021.2931095
100,0.5,0.3,g,20,3020.631641
100,0.5,0.3,c,20,3027.3496305
100,0.5,0.3,c2,20,3021.6275754999997
100,0.5,0.3,p,20,3020.9622825
100,0.5,0.3,p_grp,20,3005.269589
100,0.7,0.0,g,1,2618.204261
100,0.7,0.0,c,1,2610.954018
100,0.7,0.0,c2,1,2613.232397
100,0.7,0.0,p,1,2613.354526
100,0.7,0.0,p_grp,1,2616.264397
100,0.7,0.1,g,20,2599.4875715
100,0.7,0.1,c,20,2590.458502
100,0.7,0.1,c2,20,2594.9174485
100,0.7,0.1,p,20,2593.4030814999996
100,0.7,0.1,p_grp,20,2600.8540125
100,0.7,0.2,g,20,2599.6450635
100,0.7,0.2,c,20,2602.8079589999998
100,0.7,0.2,c2,20,2601.877038
100,0.7,0.2,p,20,2608.423825
100,0.7,0.2,p_grp,20,2567.2709649999997
100,0.7,0.3,g,20,2652.0855285
100,0.7,0.3,c,20,2658.892159
100,0.7,0.3,c2,20,2654.718368
100,0.7,0.3,p,20,2653.920564
100,0.7,0.3,p_grp,20,2605.456141
