metric,period_ms,mean_cls,cv,series,n,median_pct,q1_pct,q3_pct,max_pct
Worst job,20,0.300,0.000,zigzag/g,1,79.962,79.962,79.962,79.962
Worst job,20,0.300,0.100,zigzag/g,20,80.732,80.340,84.326,87.194
Worst job,20,0.300,0.200,zigzag/g,20,85.846,84.235,86.844,87.649
Worst job,20,0.300,0.300,zigzag/g,20,86.676,85.316,88.137,93.828
Worst job,20,0.300,0.000,zigzag/c,1,80.511,80.511,80.511,80.511
Worst job,20,0.300,0.100,zigzag/c,20,81.642,81.401,81.812,86.154
Worst job,20,0.300,0.200,zigzag/c,20,87.775,85.416,89.449,90.263
Worst job,20,0.300,0.300,zigzag/c,20,89.309,88.678,91.089,102.236
Worst job,20,0.300,0.000,zigzag/c2,1,81.583,81.583,81.583,81.583
Worst job,20,0.300,0.100,zigzag/c2,20,81.799,81.740,83.470,88.404
Worst job,20,0.300,0.200,zigzag/c2,20,88.819,85.128,90.080,91.653
Worst job,20,0.300,0.300,zigzag/c2,20,90.508,89.361,91.223,98.982
Worst job,20,0.300,0.000,zigzag/p,1,84.302,84.302,84.302,84.302
Worst job,20,0.300,0.100,zigzag/p,20,82.045,81.528,83.490,88.363
Worst job,20,0.300,0.200,zigzag/p,20,88.287,86.303,90.620,94.606
Worst job,20,0.300,0.300,zigzag/p,20,90.429,89.977,92.203,96.564
Worst job,20,0.300,0.000,grouped/p,1,81.201,81.201,81.201,81.201
Worst job,20,0.300,0.100,grouped/p,20,81.756,81.392,81.822,82.998
Worst job,20,0.300,0.200,grouped/p,20,81.704,80.695,84.362,86.771
Worst job,20,0.300,0.300,grouped/p,20,83.183,80.615,86.807,87.666
Worst job,20,0.500,0.000,zigzag/g,1,55.702,55.702,55.702,55.702
Worst job,20,0.500,0.100,zigzag/g,20,61.104,60.100,62.518,67.768
Worst job,20,0.500,0.200,zigzag/g,20,63.708,61.950,65.135,71.920
Worst job,20,0.500,0.300,zigzag/g,20,67.792,66.289,70.062,73.406
Worst job,20,0.500,0.000,zigzag/c,1,55.863,55.863,55.863,55.863
Worst job,20,0.500,0.100,zigzag/c,20,62.665,62.394,64.029,70.088
Worst job,20,0.500,0.200,zigzag/c,20,69.010,65.250,70.802,76.253
Worst job,20,0.500,0.300,zigzag/c,20,74.203,71.296,79.598,83.269
Worst job,20,0.500,0.000,zigzag/c2,1,55.958,55.958,55.958,55.958
Worst job,20,0.500,0.100,zigzag/c2,20,62.887,61.850,66.131,66.627
Worst job,20,0.500,0.200,zigzag/c2,20,68.227,66.379,71.400,77.609
Worst job,20,0.500,0.300,zigzag/c2,20,75.708,70.762,81.392,82.618
Worst job,20,0.500,0.000,zigzag/p,1,55.625,55.625,55.625,55.625
Worst job,20,0.500,0.100,zigzag/p,20,62.715,62.053,66.207,69.381
Worst job,20,0.500,0.200,zigzag/p,20,69.077,66.304,72.460,81.910
Worst job,20,0.500,0.300,zigzag/p,20,74.657,71.360,79.032,82.478
Worst job,20,0.500,0.000,grouped/p,1,54.995,54.995,54.995,54.995
Worst job,20,0.500,0.100,grouped/p,20,60.606,58.136,62.015,62.958
Worst job,20,0.500,0.200,grouped/p,20,60.458,58.565,63.082,65.035
Worst job,20,0.500,0.300,grouped/p,20,60.456,58.272,62.670,66.969
Worst job,20,0.700,0.000,zigzag/g,1,39.978,39.978,39.978,39.978
Worst job,20,0.700,0.100,zigzag/g,20,41.730,41.202,43.933,46.051
Worst job,20,0.700,0.200,zigzag/g,20,46.509,45.857,48.211,54.839
Worst job,20,0.700,0.300,zigzag/g,20,54.292,52.795,56.097,66.509
Worst job,20,0.700,0.000,zigzag/c,1,39.731,39.731,39.731,39.731
Worst job,20,0.700,0.100,zigzag/c,20,44.078,43.296,45.667,49.420
Worst job,20,0.700,0.200,zigzag/c,20,52.907,49.981,55.041,60.904
Worst job,20,0.700,0.300,zigzag/c,20,60.470,58.444,65.573,73.272
Worst job,20,0.700,0.000,zigzag/c2,1,39.307,39.307,39.307,39.307
Worst job,20,0.700,0.100,zigzag/c2,20,44.425,43.578,45.413,49.468
Worst job,20,0.700,0.200,zigzag/c2,20,52.044,49.502,55.162,60.825
Worst job,20,0.700,0.300,zigzag/c2,20,61.530,58.575,63.718,73.158
Worst job,20,0.700,0.000,zigzag/p,1,40.142,40.142,40.142,40.142
Worst job,20,0.700,0.100,zigzag/p,20,44.742,43.356,46.608,48.280
Worst job,20,0.700,0.200,zigzag/p,20,52.374,50.042,55.066,63.362
Worst job,20,0.700,0.300,zigzag/p,20,61.736,58.333,64.545,73.847
Worst job,20,0.700,0.000,grouped/p,1,40.006,40.006,40.006,40.006
Worst job,20,0.700,0.100,grouped/p,20,37.314,35.486,38.860,41.226
Worst job,20,0.700,0.200,grouped/p,20,39.626,39.215,40.883,48.303
Worst job,20,0.700,0.300,grouped/p,20,45.725,42.719,48.004,51.455
Worst job,100,0.300,0.000,zigzag/g,1,79.248,79.248,79.248,79.248
Worst job,100,0.300,0.100,zigzag/g,20,81.136,80.405,82.013,83.024
Worst job,100,0.300,0.200,zigzag/g,20,83.594,81.961,84.503,91.234
Worst job,100,0.300,0.300,zigzag/g,20,86.473,85.163,87.185,93.585
Worst job,100,0.300,0.000,zigzag/c,1,78.643,78.643,78.643,78.643
Worst job,100,0.300,0.100,zigzag/c,20,82.332,81.137,83.951,84.975
Worst job,100,0.300,0.200,zigzag/c,20,86.553,84.632,87.201,94.578
Worst job,100,0.300,0.300,zigzag/c,20,90.527,88.778,92.976,95.036
Worst job,100,0.300,0.000,zigzag/c2,1,78.935,78.935,78.935,78.935
Worst job,100,0.300,0.100,zigzag/c2,20,82.571,80.973,83.338,84.346
Worst job,100,0.300,0.200,zigzag/c2,20,86.584,84.751,87.999,93.588
Worst job,100,0.300,0.300,zigzag/c2,20,91.138,89.460,93.207,95.587
Worst job,100,0.300,0.000,zigzag/p,1,79.598,79.598,79.598,79.598
Worst job,100,0.300,0.100,zigzag/p,20,82.747,81.333,83.747,84.414
Worst job,100,0.300,0.200,zigzag/p,20,86.467,84.699,88.223,94.226
Worst job,100,0.300,0.300,zigzag/p,20,91.223,89.151,93.262,94.727
Worst job,100,0.300,0.000,grouped/p,1,78.915,78.915,78.915,78.915
Worst job,100,0.300,0.100,grouped/p,20,79.030,78.526,79.471,81.532
Worst job,100,0.300,0.200,grouped/p,20,80.555,79.372,82.206,84.946
Worst job,100,0.300,0.300,grouped/p,20,81.467,80.568,82.541,86.777
Worst job,100,0.500,0.000,zigzag/g,1,52.715,52.715,52.715,52.715
Worst job,100,0.500,0.100,zigzag/g,20,59.902,58.991,60.704,62.539
Worst job,100,0.500,0.200,zigzag/g,20,63.911,62.309,64.986,68.370
Worst job,100,0.500,0.300,zigzag/g,20,67.477,64.699,70.217,76.194
Worst job,100,0.500,0.000,zigzag/c,1,52.681,52.681,52.681,52.681
Worst job,100,0.500,0.100,zigzag/c,20,61.390,59.931,62.332,65.208
Worst job,100,0.500,0.200,zigzag/c,20,67.517,65.367,70.048,76.597
Worst job,100,0.500,0.300,zigzag/c,20,74.545,71.571,77.816,85.511
Worst job,100,0.500,0.000,zigzag/c2,1,52.959,52.959,52.959,52.959
Worst job,100,0.500,0.100,zigzag/c2,20,61.866,59.409,63.536,67.080
Worst job,100,0.500,0.200,zigzag/c2,20,67.617,65.403,71.076,75.695
Worst job,100,0.500,0.300,zigzag/c2,20,74.097,69.882,77.610,85.130
Worst job,100,0.500,0.000,zigzag/p,1,53.294,53.294,53.294,53.294
Worst job,100,0.500,0.100,zigzag/p,20,62.951,59.225,64.415,67.408
Worst job,100,0.500,0.200,zigzag/p,20,67.866,65.478,71.039,74.568
Worst job,100,0.500,0.300,zigzag/p,20,74.613,71.638,77.662,84.927
Worst job,100,0.500,0.000,grouped/p,1,54.042,54.042,54.042,54.042
Worst job,100,0.500,0.100,grouped/p,20,59.147,57.654,59.781,60.988
Worst job,100,0.500,0.200,grouped/p,20,58.504,56.964,60.076,62.116
Worst job,100,0.500,0.300,grouped/p,20,59.274,57.029,61.241,65.215
Worst job,100,0.700,0.000,zigzag/g,1,34.713,34.713,34.713,34.713
Worst job,100,0.700,0.100,zigzag/g,20,40.813,40.271,42.395,44.727
Worst job,100,0.700,0.200,zigzag/g,20,46.930,44.552,48.687,52.368
Worst job,100,0.700,0.300,zigzag/g,20,54.859,49.509,56.329,65.320
Worst job,100,0.700,0.000,zigzag/c,1,31.587,31.587,31.587,31.587
Worst job,100,0.700,0.100,zigzag/c,20,43.823,42.392,45.459,49.729
Worst job,100,0.700,0.200,zigzag/c,20,52.443,50.330,54.623,59.239
Worst job,100,0.700,0.300,zigzag/c,20,59.814,57.619,63.975,80.402
Worst job,100,0.700,0.000,zigzag/c2,1,32.408,32.408,32.408,32.408
Worst job,100,0.700,0.100,zigzag/c2,20,43.771,42.288,44.583,46.925
Worst job,100,0.700,0.200,zigzag/c2,20,51.902,50.155,54.194,59.548
Worst job,100,0.700,0.300,zigzag/c2,20,59.937,57.513,63.210,80.419
Worst job,100,0.700,0.000,zigzag/p,1,31.991,31.991,31.991,31.991
Worst job,100,0.700,0.100,zigzag/p,20,44.025,42.593,44.857,47.406
Worst job,100,0.700,0.200,zigzag/p,20,52.327,50.897,54.381,60.144
Worst job,100,0.700,0.300,zigzag/p,20,60.136,58.018,64.114,80.510
Worst job,100,0.700,0.000,grouped/p,1,32.359,32.359,32.359,32.359
Worst job,100,0.700,0.100,grouped/p,20,36.574,35.479,37.795,41.630
Worst job,100,0.700,0.200,grouped/p,20,40.048,38.820,42.347,45.632
Worst job,100,0.700,0.300,grouped/p,20,44.207,42.566,48.177,50.642
