metric,period,configuration,n,median,q1,q3
tet_ns,80,g,20,698.276,689.102,703.662
tet_ns,80,c,20,703.51,692.45,716.051
tet_ns,80,c2,20,708.402,704.199,720.481
tet_ns,80,p,20,718.814,710.546,723.233
tet_ns,80,p_grp,20,638.694,634.72,643.785
tet_ns,40,g,20,697.237,689.399,702.635
tet_ns,40,c,20,700.912,692.142,711.777
tet_ns,40,c2,20,709.127,706.358,717.301
tet_ns,40,p,20,718.871,710.528,723.153
tet_ns,40,p_grp,20,638.607,634.635,643.806
tet_ns,30,g,20,693.438,689.307,702.189
tet_ns,30,c,20,703.107,696.693,711.933
tet_ns,30,c2,20,709.799,704.722,717.497
tet_ns,30,p,20,718.788,710.609,723.115
tet_ns,30,p_grp,20,638.576,634.704,643.793
tet_ns,20,g,20,695.681,691.51,700.215
tet_ns,20,c,20,700.613,693.485,714.148
tet_ns,20,c2,20,708.444,704.753,717.872
tet_ns,20,p,20,718.623,710.599,723.192
tet_ns,20,p_grp,20,638.64,634.722,643.807
