cell,set_id,pc1,pc2,best,best_name,margin,tat_g_ns,tat_c_ns,tat_p_ns
mu20/cv0.0,0,-4.5132,1.3672,2,P,0.00211,184182108,183138112,182752120
mu20/cv0.1,0,-2.3632,0.5996,2,P,0.00364,223998128,223428800,222618836
mu20/cv0.1,1,-2.8252,0.5108,2,P,0.00091,253728612,253313136,253081888
mu20/cv0.1,2,-1.0914,1.8915,2,P,0.00390,239751656,239232040,238303104
mu20/cv0.1,3,-3.3736,1.4379,0,G,0.18933,218666648,276939752,260065772
mu20/cv0.1,4,-1.8669,0.6061,2,P,0.00269,226731272,226108080,225502168
mu20/cv0.1,5,-3.2833,0.4871,2,P,0.00410,254350436,253979796,252942504
mu20/cv0.1,6,-2.6395,-0.2813,2,P,0.00471,224075616,223623412,222574844
mu20/cv0.1,7,-3.6466,1.2925,0,G,0.23318,218723800,270767836,269726600
mu20/cv0.1,8,-2.1775,-0.1925,2,P,0.00050,240007924,239393916,239275108
mu20/cv0.1,9,-2.8252,0.5108,2,P,0.00091,253728612,253313136,253081888
mu20/cv0.1,10,-2.7265,1.4050,1,C,0.00250,241606336,241002672,260184860
mu20/cv0.1,11,-2.7265,1.4050,1,C,0.00250,241606336,241002672,260184860
mu20/cv0.1,12,-3.2833,0.4871,2,P,0.00410,254350436,253979796,252942504
mu20/cv0.1,13,-2.4172,-1.9176,2,P,0.00417,228069552,228033840,227086440
mu20/cv0.1,14,-2.6395,-0.2813,2,P,0.00471,224075616,223623412,222574844
mu20/cv0.1,15,-1.7151,-0.3256,0,G,0.14747,242904080,278858668,278724880
mu20/cv0.1,16,-2.9872,0.9492,2,P,0.00571,231448120,231450660,230133400
mu20/cv0.1,17,-1.8669,0.6061,2,P,0.00269,226731272,226108080,225502168
mu20/cv0.1,18,-1.8669,0.6061,2,P,0.00269,226731272,226108080,225502168
mu20/cv0.1,19,-2.0289,1.0444,2,P,0.00399,184594476,183393584,182665472
mu20/cv0.2,0,0.1422,-1.4754,0,G,0.00505,244541172,246911940,245775792
mu20/cv0.2,1,0.4388,0.2695,0,G,0.05887,266120736,281788460,314515348
mu20/cv0.2,2,1.8399,3.3573,2,P,0.00416,255055920,254643564,253587852
mu20/cv0.2,3,-0.8236,0.5932,0,G,0.00348,255574792,256465376,290992928
mu20/cv0.2,4,-0.2657,0.9530,0,G,0.14507,246557520,282325824,292368968
mu20/cv0.2,5,-1.2187,-0.3191,0,G,0.07414,249630136,268924984,268138132
mu20/cv0.2,6,0.1114,-1.0157,0,G,0.05519,276441604,292576652,291699412
mu20/cv0.2,7,-2.3632,0.5996,2,P,0.00364,223998128,223428800,222618836
mu20/cv0.2,8,-0.2894,-0.5293,0,G,0.09577,239161048,263179476,262064788
mu20/cv0.2,9,-0.9965,-1.9554,2,P,0.00532,221604640,221041400,219871340
mu20/cv0.2,10,0.3069,0.9323,0,G,0.03763,248460508,257810324,288898144
mu20/cv0.2,11,2.6891,2.9544,0,G,0.02289,252683264,258467676,277025896
mu20/cv0.2,12,-1.4589,-1.8223,2,P,0.00440,184169616,183227872,182425520
mu20/cv0.2,13,-1.2832,-2.5134,2,P,0.00341,221715576,220752824,220002836
mu20/cv0.2,14,0.1114,-1.0157,0,G,0.05519,276441604,292576652,291699412
mu20/cv0.2,15,0.3165,-1.5726,0,G,0.13203,256049756,290752500,289856420
mu20/cv0.2,16,0.8559,1.8236,0,G,0.23859,256397256,318461396,317571596
mu20/cv0.2,17,1.5167,-0.0043,0,G,0.20018,269931260,324967864,323966708
mu20/cv0.2,18,1.0482,-0.2249,0,G,0.20618,232945896,280974180,298998340
mu20/cv0.2,19,-0.3389,0.8471,0,G,0.17878,262460532,309383332,317966148
mu20/cv0.3,0,3.8603,-4.1831,0,G,0.21960,260892564,318184972,330182784
mu20/cv0.3,1,2.9193,-1.8346,0,G,0.07229,287630932,308423568,330058868
mu20/cv0.3,2,5.9303,4.7971,0,G,0.12359,295406600,336740848,331916560
mu20/cv0.3,3,0.7329,0.7308,0,G,0.14320,279809124,319877752,352282636
mu20/cv0.3,4,2.8627,0.1343,0,G,0.21313,288714184,350246552,350852252
mu20/cv0.3,5,0.4081,-0.8570,0,G,0.22660,272359928,335039580,334077384
mu20/cv0.3,6,2.7705,-1.7669,0,G,0.14323,271108332,309939244,321397356
mu20/cv0.3,7,-2.0880,-2.8815,0,G,0.05159,244717648,257343064,287794372
mu20/cv0.3,8,3.2166,-0.4568,0,G,0.11760,249982376,279379636,281290728
mu20/cv0.3,9,0.2232,-1.6256,0,G,0.19191,254674872,304643480,303549392
mu20/cv0.3,10,4.0491,0.7187,0,G,0.24756,272351392,339773788,371964184
mu20/cv0.3,11,4.7505,2.7812,0,G,0.04557,286979348,300055564,311866808
mu20/cv0.3,12,0.7149,-1.4961,0,G,0.01455,233419872,239858996,236815124
mu20/cv0.3,13,1.4393,-5.1680,0,G,0.11830,249644232,280153556,279176816
mu20/cv0.3,14,2.0075,-1.4852,0,G,0.10654,284002144,314261056,330411428
mu20/cv0.3,15,3.3266,-2.8810,0,G,0.06566,296476136,315942548,321856380
mu20/cv0.3,16,3.3478,3.0575,0,G,0.01615,288277284,292932920,312600080
mu20/cv0.3,17,5.0296,0.9671,0,G,0.08263,282433232,305770288,314017780
mu20/cv0.3,18,4.6575,-2.6808,0,G,0.06080,255017644,273477716,270522996
mu20/cv0.3,19,4.3660,2.0400,0,G,0.15243,273416304,315093528,342461236
mu50/cv0.0,0,-4.5132,1.3672,2,P,0.00016,454553780,453671492,453598328
mu50/cv0.1,0,-2.3632,0.5996,2,P,0.00078,554287296,553417044,552985692
mu50/cv0.1,1,-2.8252,0.5108,1,C,0.00102,628696168,628000096,628639696
mu50/cv0.1,2,-1.0914,1.8915,2,P,0.00140,592712372,591935960,591105972
mu50/cv0.1,3,-3.3736,1.4379,0,G,0.19509,540650860,686470024,646125424
mu50/cv0.1,4,-1.8669,0.6061,2,P,0.00053,561029072,560312656,560018172
mu50/cv0.1,5,-3.2833,0.4871,2,P,0.00164,630410012,629490796,628458652
mu50/cv0.1,6,-2.6395,-0.2813,2,P,0.00141,554083012,553725828,552948448
mu50/cv0.1,7,-3.6466,1.2925,0,G,0.23910,540651840,670957120,669922604
mu50/cv0.1,8,-2.1775,-0.1925,1,C,0.00089,593858224,593330632,593976812
mu50/cv0.1,9,-2.8252,0.5108,1,C,0.00102,628696168,628000096,628639696
mu50/cv0.1,10,-2.7265,1.4050,1,C,0.00150,598082252,597188256,646266160
mu50/cv0.1,11,-2.7265,1.4050,1,C,0.00150,598082252,597188256,646266160
mu50/cv0.1,12,-3.2833,0.4871,2,P,0.00164,630410012,629490796,628458652
mu50/cv0.1,13,-2.4172,-1.9176,2,P,0.00020,564284744,564888620,564169792
mu50/cv0.1,14,-2.6395,-0.2813,2,P,0.00141,554083012,553725828,552948448
mu50/cv0.1,15,-1.7151,-0.3256,0,G,0.14988,600526224,690535272,691139628
mu50/cv0.1,16,-2.9872,0.9492,2,P,0.00065,571940504,572917380,571567196
mu50/cv0.1,17,-1.8669,0.6061,2,P,0.00053,561029072,560312656,560018172
mu50/cv0.1,18,-1.8669,0.6061,2,P,0.00053,561029072,560312656,560018172
mu50/cv0.1,19,-2.0289,1.0444,2,P,0.00007,455341416,453871376,453838968
mu50/cv0.2,0,0.1422,-1.4754,0,G,0.00902,604864888,611460560,610319356
mu50/cv0.2,1,0.4388,0.2695,0,G,0.06223,657073700,697965980,781485968
mu50/cv0.2,2,1.8399,3.3573,2,P,0.00116,631203624,631540892,630472560
mu50/cv0.2,3,-0.8236,0.5932,0,G,0.00701,630099888,634514084,721687452
mu50/cv0.2,4,-0.2657,0.9530,0,G,0.14583,610475136,699498136,725747268
mu50/cv0.2,5,-1.2187,-0.3191,0,G,0.07608,618122144,665944100,665148528
mu50/cv0.2,6,0.1114,-1.0157,0,G,0.05783,684704248,725244412,724297852
mu50/cv0.2,7,-2.3632,0.5996,2,P,0.00078,554287296,553417044,552985692
mu50/cv0.2,8,-0.2894,-0.5293,0,G,0.09976,591592864,651786480,650613044
mu50/cv0.2,9,-0.9965,-1.9554,2,P,0.00202,547834084,547217916,546116228
mu50/cv0.2,10,0.3069,0.9323,0,G,0.03921,614402860,638491240,717707420
mu50/cv0.2,11,2.6891,2.9544,0,G,0.02424,624720656,639863424,688579816
mu50/cv0.2,12,-1.4589,-1.8223,2,P,0.00036,454932520,453883060,453720180
mu50/cv0.2,13,-1.2832,-2.5134,2,P,0.00126,548191460,547401000,546709648
mu50/cv0.2,14,0.1114,-1.0157,0,G,0.05783,684704248,725244412,724297852
mu50/cv0.2,15,0.3165,-1.5726,0,G,0.13806,632112932,720333536,719379688
mu50/cv0.2,16,0.8559,1.8236,0,G,0.24539,633428640,789722252,788867392
mu50/cv0.2,17,1.5167,-0.0043,0,G,0.20727,666757864,806012564,804959976
mu50/cv0.2,18,1.0482,-0.2249,0,G,0.20975,575769396,696539156,742913268
mu50/cv0.2,19,-0.3389,0.8471,0,G,0.18157,649140328,767003264,789663384
mu50/cv0.3,0,3.8603,-4.1831,0,G,0.22353,643748196,787645960,819193516
mu50/cv0.3,1,2.9193,-1.8346,0,G,0.07237,711689028,763197040,818640172
mu50/cv0.3,2,5.9303,4.7971,0,G,0.13018,728549828,834588304,823391104
mu50/cv0.3,3,0.7329,0.7308,0,G,0.14644,690734940,791887928,874366600
mu50/cv0.3,4,2.8627,0.1343,0,G,0.21496,713615100,867014608,870582040
mu50/cv0.3,5,0.4081,-0.8570,0,G,0.23078,673230232,829611720,828596560
mu50/cv0.3,6,2.7705,-1.7669,0,G,0.14537,670223784,767656044,797867412
mu50/cv0.3,7,-2.0880,-2.8815,0,G,0.05463,605069096,638122508,714956500
mu50/cv0.3,8,3.2166,-0.4568,0,G,0.12059,617865996,692373048,698845896
mu50/cv0.3,9,0.2232,-1.6256,0,G,0.19908,628308368,754527340,753390264
mu50/cv0.3,10,4.0491,0.7187,0,G,0.25146,671417212,840254644,923104232
mu50/cv0.3,11,4.7505,2.7812,0,G,0.04827,709390308,743635032,775041184
mu50/cv0.3,12,0.7149,-1.4961,0,G,0.01915,577567388,594235328,588626668
mu50/cv0.3,13,1.4393,-5.1680,0,G,0.12570,616025028,694414928,693459876
mu50/cv0.3,14,2.0075,-1.4852,0,G,0.10929,700727624,777306856,819649180
mu50/cv0.3,15,3.3266,-2.8810,0,G,0.06812,729344168,779024784,796440276
mu50/cv0.3,16,3.3478,3.0575,0,G,0.01773,712816588,725451756,776636852
mu50/cv0.3,17,5.0296,0.9671,0,G,0.08612,696731344,756735660,779588980
mu50/cv0.3,18,4.6575,-2.6808,0,G,0.06724,629182528,672852216,671485700
mu50/cv0.3,19,4.3660,2.0400,0,G,0.15546,674889328,779809612,849686200
mu80/cv0.0,0,-4.5132,1.3672,2,P,0.00009,725680704,724884240,724821004
mu80/cv0.1,0,-2.3632,0.5996,2,P,0.00044,884493896,883768784,883382824
mu80/cv0.1,1,-2.8252,0.5108,1,C,0.00057,1003468016,1002900220,1004390472
mu80/cv0.1,2,-1.0914,1.8915,2,P,0.00086,945650500,944955460,944143888
mu80/cv0.1,3,-3.3736,1.4379,0,G,0.19657,862929420,1096341268,1032557152
mu80/cv0.1,4,-1.8669,0.6061,2,P,0.00028,895468648,894847404,894596776
mu80/cv0.1,5,-3.2833,0.4871,2,P,0.00097,1006443432,1005139088,1004166920
mu80/cv0.1,6,-2.6395,-0.2813,2,P,0.00074,884187968,883986872,883333744
mu80/cv0.1,7,-3.6466,1.2925,0,G,0.24016,863218760,1071535564,1070525620
mu80/cv0.1,8,-2.1775,-0.1925,1,C,0.00035,947635996,947302296,948751924
mu80/cv0.1,9,-2.8252,0.5108,1,C,0.00057,1003468016,1002900220,1004390472
mu80/cv0.1,10,-2.7265,1.4050,1,C,0.00104,954743464,953754996,1032704244
mu80/cv0.1,11,-2.7265,1.4050,1,C,0.00104,954743464,953754996,1032704244
mu80/cv0.1,12,-3.2833,0.4871,2,P,0.00097,1006443432,1005139088,1004166920
mu80/cv0.1,13,-2.4172,-1.9176,0,G,0.00083,900574368,901941504,901323544
mu80/cv0.1,14,-2.6395,-0.2813,2,P,0.00074,884187968,883986872,883333744
mu80/cv0.1,15,-1.7151,-0.3256,0,G,0.15004,958274016,1102053944,1103434052
mu80/cv0.1,16,-2.9872,0.9492,0,G,0.00038,912921848,914884776,913266800
mu80/cv0.1,17,-1.8669,0.6061,2,P,0.00028,895468648,894847404,894596776
mu80/cv0.1,18,-1.8669,0.6061,2,P,0.00028,895468648,894847404,894596776
mu80/cv0.1,19,-2.0289,1.0444,1,C,0.00000,726238256,725131684,725133292
mu80/cv0.2,0,0.1422,-1.4754,0,G,0.00978,965243600,975849420,974679860
mu80/cv0.2,1,0.4388,0.2695,0,G,0.06294,1048403796,1114388192,1248337604
mu80/cv0.2,2,1.8399,3.3573,0,G,0.00023,1007152988,1008421548,1007381680
mu80/cv0.2,3,-0.8236,0.5932,0,G,0.00763,1005037288,1012709760,1152418168
mu80/cv0.2,4,-0.2657,0.9530,0,G,0.14622,974199928,1116645768,1159052524
mu80/cv0.2,5,-1.2187,-0.3191,0,G,0.07639,986687628,1062767000,1062058504
mu80/cv0.2,6,0.1114,-1.0157,0,G,0.05836,1093064080,1157759616,1156850248
mu80/cv0.2,7,-2.3632,0.5996,2,P,0.00044,884493896,883768784,883382824
mu80/cv0.2,8,-0.2894,-0.5293,0,G,0.10138,943542836,1040350612,1039197084
mu80/cv0.2,9,-0.9965,-1.9554,2,P,0.00129,873791844,873248024,872123192
mu80/cv0.2,10,0.3069,0.9323,0,G,0.03976,980285900,1019262936,1146432444
mu80/cv0.2,11,2.6891,2.9544,0,G,0.02488,996537864,1021328352,1100007244
mu80/cv0.2,12,-1.4589,-1.8223,2,P,0.00017,725842308,724987812,724864292
mu80/cv0.2,13,-1.2832,-2.5134,2,P,0.00071,874560496,873859344,873236836
mu80/cv0.2,14,0.1114,-1.0157,0,G,0.05836,1093064080,1157759616,1156850248
mu80/cv0.2,15,0.3165,-1.5726,0,G,0.13953,1008175604,1149805864,1148850192
mu80/cv0.2,16,0.8559,1.8236,0,G,0.24716,1010411744,1261062104,1260145500
mu80/cv0.2,17,1.5167,-0.0043,0,G,0.20956,1063138696,1286971464,1285931916
mu80/cv0.2,18,1.0482,-0.2249,0,G,0.21050,918445884,1111781608,1186692040
mu80/cv0.2,19,-0.3389,0.8471,0,G,0.18199,1036230604,1224811872,1261369280
mu80/cv0.3,0,3.8603,-4.1831,0,G,0.22478,1026327380,1257020524,1308029084
mu80/cv0.3,1,2.9193,-1.8346,0,G,0.07232,1135926532,1218080128,1307223600
mu80/cv0.3,2,5.9303,4.7971,0,G,0.13137,1162326692,1332512712,1315018588
mu80/cv0.3,3,0.7329,0.7308,0,G,0.14739,1101672808,1264048896,1396643740
mu80/cv0.3,4,2.8627,0.1343,0,G,0.21511,1138824656,1383794348,1390434972
mu80/cv0.3,5,0.4081,-0.8570,0,G,0.23226,1073848516,1324180116,1323260392
mu80/cv0.3,6,2.7705,-1.7669,0,G,0.14633,1068906508,1225319672,1274272816
mu80/cv0.3,7,-2.0880,-2.8815,0,G,0.05562,964891544,1018556664,1141920612
mu80/cv0.3,8,3.2166,-0.4568,0,G,0.12140,985645332,1105302484,1116235852
mu80/cv0.3,9,0.2232,-1.6256,0,G,0.20097,1001837236,1204317052,1203177168
mu80/cv0.3,10,4.0491,0.7187,0,G,0.25244,1070574920,1340826524,1474379428
mu80/cv0.3,11,4.7505,2.7812,0,G,0.04869,1132361024,1187496328,1238301080
mu80/cv0.3,12,0.7149,-1.4961,0,G,0.02016,921678244,948453828,940262708
mu80/cv0.3,13,1.4393,-5.1680,0,G,0.12693,982625412,1108297440,1107348584
mu80/cv0.3,14,2.0075,-1.4852,0,G,0.11005,1117296164,1240255628,1308921964
mu80/cv0.3,15,3.3266,-2.8810,0,G,0.06830,1162585176,1241984332,1271033112
mu80/cv0.3,16,3.3478,3.0575,0,G,0.01796,1137650088,1158081116,1240642472
mu80/cv0.3,17,5.0296,0.9671,0,G,0.08721,1110889396,1207764844,1245065064
mu80/cv0.3,18,4.6575,-2.6808,0,G,0.06956,1002599864,1073689052,1072344180
mu80/cv0.3,19,4.3660,2.0400,0,G,0.15638,1076514760,1244858172,1357055080
mu100/cv0.0,0,-4.5132,1.3672,2,P,0.00014,906055220,905328016,905204748
mu100/cv0.1,0,-2.3632,0.5996,2,P,0.00036,1104305968,1103706776,1103305764
mu100/cv0.1,1,-2.8252,0.5108,1,C,0.00037,1252909528,1252448820,1254437356
mu100/cv0.1,2,-1.0914,1.8915,2,P,0.00067,1180510988,1179832448,1179039996
mu100/cv0.1,3,-3.3736,1.4379,0,G,0.19675,1077651060,1369040184,1289675420
mu100/cv0.1,4,-1.8669,0.6061,2,P,0.00021,1118145460,1117528708,1117299016
mu100/cv0.1,5,-3.2833,0.4871,2,P,0.00077,1256584484,1255141348,1254179816
mu100/cv0.1,6,-2.6395,-0.2813,2,P,0.00059,1104118136,1103895340,1103241996
mu100/cv0.1,7,-3.6466,1.2925,0,G,0.24047,1077855864,1338078284,1337044596
mu100/cv0.1,8,-2.1775,-0.1925,1,C,0.00028,1183262360,1182927496,1184896704
mu100/cv0.1,9,-2.8252,0.5108,1,C,0.00037,1252909528,1252448820,1254437356
mu100/cv0.1,10,-2.7265,1.4050,1,C,0.00071,1191904040,1191053232,1289816072
mu100/cv0.1,11,-2.7265,1.4050,1,C,0.00071,1191904040,1191053232,1289816072
mu100/cv0.1,12,-3.2833,0.4871,2,P,0.00077,1256584484,1255141348,1254179816
mu100/cv0.1,13,-2.4172,-1.9176,0,G,0.00136,1124197232,1126390432,1125722584
mu100/cv0.1,14,-2.6395,-0.2813,2,P,0.00059,1104118136,1103895340,1103241996
mu100/cv0.1,15,-1.7151,-0.3256,0,G,0.14990,1196646496,1376018096,1377887504
mu100/cv0.1,16,-2.9872,0.9492,0,G,0.00080,1139706760,1142483312,1140616976
mu100/cv0.1,17,-1.8669,0.6061,2,P,0.00021,1118145460,1117528708,1117299016
mu100/cv0.1,18,-1.8669,0.6061,2,P,0.00021,1118145460,1117528708,1117299016
mu100/cv0.1,19,-2.0289,1.0444,2,P,0.00000,906730072,905662840,905661596
mu100/cv0.2,0,0.1422,-1.4754,0,G,0.01003,1205179524,1218347764,1217264324
mu100/cv0.2,1,0.4388,0.2695,0,G,0.06328,1308733420,1391544548,1559217248
mu100/cv0.2,2,1.8399,3.3573,0,G,0.00034,1257836712,1259249688,1258259932
mu100/cv0.2,3,-0.8236,0.5932,0,G,0.00783,1254476080,1264300552,1439069752
mu100/cv0.2,4,-0.2657,0.9530,0,G,0.14633,1216241300,1394208616,1447456056
mu100/cv0.2,5,-1.2187,-0.3191,0,G,0.07656,1231921884,1327038220,1326241992
mu100/cv0.2,6,0.1114,-1.0157,0,G,0.05860,1364827072,1445720824,1444805624
mu100/cv0.2,7,-2.3632,0.5996,2,P,0.00036,1104305968,1103706776,1103305764
mu100/cv0.2,8,-0.2894,-0.5293,0,G,0.10186,1177884368,1298952972,1297859416
mu100/cv0.2,9,-0.9965,-1.9554,2,P,0.00100,1090955020,1090313108,1089220472
mu100/cv0.2,10,0.3069,0.9323,0,G,0.03959,1224212112,1272681396,1431840644
mu100/cv0.2,11,2.6891,2.9544,0,G,0.02499,1244141092,1275227544,1373931048
mu100/cv0.2,12,-1.4589,-1.8223,2,P,0.00014,906252680,905484832,905361500
mu100/cv0.2,13,-1.2832,-2.5134,2,P,0.00054,1091984532,1091238912,1090649464
mu100/cv0.2,14,0.1114,-1.0157,0,G,0.05860,1364827072,1445720824,1444805624
mu100/cv0.2,15,0.3165,-1.5726,0,G,0.13997,1258690304,1435802788,1434866792
mu100/cv0.2,16,0.8559,1.8236,0,G,0.24763,1261501920,1574779660,1573881496
mu100/cv0.2,17,1.5167,-0.0043,0,G,0.21041,1326986548,1607239492,1606194088
mu100/cv0.2,18,1.0482,-0.2249,0,G,0.21062,1146589172,1388085704,1482108904
mu100/cv0.2,19,-0.3389,0.8471,0,G,0.18207,1293937360,1529518904,1575346544
mu100/cv0.3,0,3.8603,-4.1831,0,G,0.22533,1280882764,1569501768,1633444744
mu100/cv0.3,1,2.9193,-1.8346,0,G,0.07243,1418357860,1521088992,1632663136
mu100/cv0.3,2,5.9303,4.7971,0,G,0.13201,1451020504,1664311424,1642574168
mu100/cv0.3,3,0.7329,0.7308,0,G,0.14742,1375479048,1578257600,1744339276
mu100/cv0.3,4,2.8627,0.1343,0,G,0.21539,1421688200,1727906500,1736445988
mu100/cv0.3,5,0.4081,-0.8570,0,G,0.23251,1340760092,1653438548,1652505708
mu100/cv0.3,6,2.7705,-1.7669,0,G,0.14618,1334850092,1529976348,1591402808
mu100/cv0.3,7,-2.0880,-2.8815,0,G,0.05594,1204525840,1271905324,1426183544
mu100/cv0.3,8,3.2166,-0.4568,0,G,0.12177,1230415524,1380238472,1394116352
mu100/cv0.3,9,0.2232,-1.6256,0,G,0.20176,1250447940,1503797716,1502732436
mu100/cv0.3,10,4.0491,0.7187,0,G,0.25275,1336488672,1674285368,1841382312
mu100/cv0.3,11,4.7505,2.7812,0,G,0.04920,1413490400,1483038076,1546723704
mu100/cv0.3,12,0.7149,-1.4961,0,G,0.02047,1150828288,1184254088,1174384784
mu100/cv0.3,13,1.4393,-5.1680,0,G,0.12772,1226411008,1384049564,1383048324
mu100/cv0.3,14,2.0075,-1.4852,0,G,0.11022,1395059728,1548816484,1634866304
mu100/cv0.3,15,3.3266,-2.8810,0,G,0.06837,1451135608,1550353992,1587016792
mu100/cv0.3,16,3.3478,3.0575,0,G,0.01813,1420386840,1446140612,1549649304
mu100/cv0.3,17,5.0296,0.9671,0,G,0.08768,1386587332,1508157396,1555173052
mu100/cv0.3,18,4.6575,-2.6808,0,G,0.07024,1251395688,1340571800,1339297168
mu100/cv0.3,19,4.3660,2.0400,0,G,0.15651,1343986820,1554336968,1694801684
mu500/cv0.0,0,-4.5132,1.3672,2,P,0.00003,4522163088,4521540316,4521425652
mu500/cv0.1,0,-2.3632,0.5996,2,P,0.00003,5510943360,5511062492,5510788568
mu500/cv0.1,1,-2.8252,0.5108,0,G,0.00014,6252858492,6253740124,6266224052
mu500/cv0.1,2,-1.0914,1.8915,2,P,0.00001,5887604516,5888195928,5887543920
mu500/cv0.1,3,-3.3736,1.4379,0,G,0.19763,5379889896,6835119792,6443127584
mu500/cv0.1,4,-1.8669,0.6061,0,G,0.00034,5578555700,5580707952,5580475252
mu500/cv0.1,5,-3.2833,0.4871,2,P,0.00012,6271160700,6266323988,6265545636
mu500/cv0.1,6,-2.6395,-0.2813,0,G,0.00009,5510192924,5511257244,5510703964
mu500/cv0.1,7,-3.6466,1.2925,0,G,0.24154,5379973656,6680312832,6679456152
mu500/cv0.1,8,-2.1775,-0.1925,0,G,0.00021,5904433556,5905695468,5917806676
mu500/cv0.1,9,-2.8252,0.5108,0,G,0.00014,6252858492,6253740124,6266224052
mu500/cv0.1,10,-2.7265,1.4050,1,C,0.00005,5946933440,5946610588,6443332800
mu500/cv0.1,11,-2.7265,1.4050,1,C,0.00005,5946933440,5946610588,6443332800
mu500/cv0.1,12,-3.2833,0.4871,2,P,0.00012,6271160700,6266323988,6265545636
mu500/cv0.1,13,-2.4172,-1.9176,0,G,0.00223,5610737920,5623751292,5623241856
mu500/cv0.1,14,-2.6395,-0.2813,0,G,0.00009,5510192924,5511257244,5510703964
mu500/cv0.1,15,-1.7151,-0.3256,0,G,0.15065,5968227988,6867336016,6879373668
mu500/cv0.1,16,-2.9872,0.9492,0,G,0.00201,5686213404,5703927196,5697620336
mu500/cv0.1,17,-1.8669,0.6061,0,G,0.00034,5578555700,5580707952,5580475252
mu500/cv0.1,18,-1.8669,0.6061,0,G,0.00034,5578555700,5580707952,5580475252
mu500/cv0.1,19,-2.0289,1.0444,2,P,0.00002,4524452088,4523720460,4523619452
mu500/cv0.2,0,0.1422,-1.4754,0,G,0.01104,6012786532,6080258564,6079154872
mu500/cv0.2,1,0.4388,0.2695,0,G,0.06424,6526332488,6945579312,7788307640
mu500/cv0.2,2,1.8399,3.3573,0,G,0.00164,6275712824,6286907452,6285974504
mu500/cv0.2,3,-0.8236,0.5932,0,G,0.00882,6254803704,6309947880,7185848336
mu500/cv0.2,4,-0.2657,0.9530,0,G,0.14681,6068016176,6958878844,7228257800
mu500/cv0.2,5,-1.2187,-0.3191,0,G,0.07732,6146728088,6622679468,6621986012
mu500/cv0.2,6,0.1114,-1.0157,0,G,0.05941,6811180648,7216663368,7215862356
mu500/cv0.2,7,-2.3632,0.5996,2,P,0.00003,5510943360,5511062492,5510788568
mu500/cv0.2,8,-0.2894,-0.5293,0,G,0.10332,5874840728,6482900276,6481853740
mu500/cv0.2,9,-0.9965,-1.9554,2,P,0.00019,5441959032,5440948144,5439929992
mu500/cv0.2,10,0.3069,0.9323,0,G,0.04015,6106210788,6351404552,7151555956
mu500/cv0.2,11,2.6891,2.9544,0,G,0.02529,6206869200,6363866380,6863359216
mu500/cv0.2,12,-1.4589,-1.8223,2,P,0.00003,4523597424,4522972992,4522815636
mu500/cv0.2,13,-1.2832,-2.5134,2,P,0.00010,5449700448,5448375160,5447817164
mu500/cv0.2,14,0.1114,-1.0157,0,G,0.05941,6811180648,7216663368,7215862356
mu500/cv0.2,15,0.3165,-1.5726,0,G,0.14158,6277017540,7166591700,7165727116
mu500/cv0.2,16,0.8559,1.8236,0,G,0.24997,6289139208,7862008004,7861213472
mu500/cv0.2,17,1.5167,-0.0043,0,G,0.21253,6616930320,8024184292,8023245432
mu500/cv0.2,18,1.0482,-0.2249,0,G,0.21135,5719477280,6928289008,7402700956
mu500/cv0.2,19,-0.3389,0.8471,0,G,0.18266,6456875284,7636258892,7868225704
mu500/cv0.3,0,3.8603,-4.1831,0,G,0.22640,6386387360,7832294844,8156306656
mu500/cv0.3,1,2.9193,-1.8346,0,G,0.07243,7075002320,7587444892,8149188404
mu500/cv0.3,2,5.9303,4.7971,0,G,0.13307,7237162860,8306202384,8200214948
mu500/cv0.3,3,0.7329,0.7308,0,G,0.14812,6861078684,7877343132,8712354940
mu500/cv0.3,4,2.8627,0.1343,0,G,0.21628,7090328928,8623830168,8672226412
mu500/cv0.3,5,0.4081,-0.8570,0,G,0.23377,6688615760,8253053568,8252225932
mu500/cv0.3,6,2.7705,-1.7669,0,G,0.14695,6658203040,7636602060,7948100040
mu500/cv0.3,7,-2.0880,-2.8815,0,G,0.05679,6008011268,6349222968,7123575296
mu500/cv0.3,8,3.2166,-0.4568,0,G,0.12221,6138762916,6888974508,6963537372
mu500/cv0.3,9,0.2232,-1.6256,0,G,0.20355,6235240708,7505460196,7504452824
mu500/cv0.3,10,4.0491,0.7187,0,G,0.25370,6663596100,8354173348,9196468964
mu500/cv0.3,11,4.7505,2.7812,0,G,0.04966,7053567696,7403862724,7727373328
mu500/cv0.3,12,0.7149,-1.4961,0,G,0.02167,5741886132,5910494968,5866291672
mu500/cv0.3,13,1.4393,-5.1680,0,G,0.12946,6115471460,6908040736,6907180472
mu500/cv0.3,14,2.0075,-1.4852,0,G,0.11098,6954482972,7726271220,8161723184
mu500/cv0.3,15,3.3266,-2.8810,0,G,0.06882,7229613664,7727185744,7918509904
mu500/cv0.3,16,3.3478,3.0575,0,G,0.01869,7085649792,7218053560,7740690288
mu500/cv0.3,17,5.0296,0.9671,0,G,0.08850,6912321988,7524056768,7765293068
mu500/cv0.3,18,4.6575,-2.6808,0,G,0.07220,6237918616,6689632732,6688294496
mu500/cv0.3,19,4.3660,2.0400,0,G,0.15689,6705651268,7757725148,8464353376
