mean_ms,cv,architecture,n,median_ms,q1_ms,q3_ms
20,0.000,g,1,184.182,184.182,184.182
20,0.100,g,20,229.759,224.076,241.931
20,0.200,g,20,251.157,237.607,257.913
20,0.300,g,20,272.888,254.932,287.142
20,0.000,c,1,183.138,183.138,183.138
20,0.100,c,20,239.313,226.108,253.480
20,0.200,c,20,266.052,252.711,291.209
20,0.300,c,20,309.181,289.738,318.608
20,0.000,c2,1,182.844,182.844,182.844
20,0.100,c2,20,238.988,225.723,253.383
20,0.200,c2,20,286.803,252.245,292.368
20,0.300,c2,20,322.769,299.211,332.780
20,0.000,p,1,182.752,182.752,182.752
20,0.100,p,20,238.789,225.502,254.828
20,0.200,p,20,289.377,251.635,294.026
20,0.300,p,20,321.627,299.611,332.457
20,0.100,pr,20,228.581,222.603,241.650
20,0.200,pr,20,252.875,236.310,257.467
20,0.300,pr,20,273.995,258.808,286.987
50,0.000,g,1,454.554,454.554,454.554
50,0.100,g,20,568.113,554.236,598.693
50,0.200,g,20,621.421,587.637,637.357
50,0.300,g,20,674.060,628.964,709.965
50,0.000,c,1,453.671,453.671,453.671
50,0.100,c,20,592.633,560.313,628.373
50,0.200,c,20,658.865,626.521,721.561
50,0.300,c,20,765.427,717.693,788.706
50,0.000,c2,1,453.654,453.654,453.654
50,0.100,c2,20,592.355,560.158,628.941
50,0.200,c2,20,711.588,626.003,725.136
50,0.300,c2,20,798.708,741.928,825.002
50,0.000,p,1,453.598,453.598,453.598
50,0.100,p,20,592.541,560.018,633.011
50,0.200,p,20,718.544,625.434,730.039
50,0.300,p,20,797.154,743.782,824.692
50,0.100,pr,20,567.832,552.947,599.966
50,0.200,pr,20,628.275,586.678,639.278
50,0.300,pr,20,680.169,642.488,712.454
80,0.000,g,1,725.681,725.681,725.681
80,0.100,g,20,906.748,884.417,955.626
80,0.200,g,20,991.613,937.269,1016.866
80,0.300,g,20,1075.182,1002.409,1133.252
80,0.000,c,1,724.884,724.884,724.884
80,0.100,c,20,946.129,894.847,1003.460
80,0.200,c,20,1051.559,1000.279,1151.794
80,0.300,c,20,1221.700,1145.635,1258.778
80,0.000,c2,1,724.912,724.912,724.912
80,0.100,c2,20,945.896,894.714,1004.581
80,0.200,c2,20,1136.290,999.747,1157.884
80,0.300,c2,20,1274.595,1184.815,1317.417
80,0.000,p,1,724.821,724.821,724.821
80,0.100,p,20,946.448,894.597,1011.432
80,0.200,p,20,1147.641,999.206,1165.962
80,0.300,p,20,1272.653,1187.863,1317.079
80,0.100,pr,20,907.262,883.340,958.517
80,0.200,pr,20,1003.685,936.926,1021.084
80,0.300,pr,20,1086.289,1026.149,1138.032
100,0.000,g,1,906.055,906.055,906.055
100,0.100,g,20,1131.952,1104.259,1193.090
100,0.200,g,20,1238.031,1170.061,1269.611
100,0.300,g,20,1342.373,1251.159,1414.707
100,0.000,c,1,905.328,905.328,905.328
100,0.100,c,20,1181.380,1117.529,1253.122
100,0.200,c,20,1312.996,1249.024,1438.282
100,0.300,c,20,1525.533,1430.618,1571.691
100,0.000,c2,1,905.330,905.330,905.330
100,0.100,c2,20,1181.140,1117.419,1254.660
100,0.200,c2,20,1419.070,1248.559,1445.946
100,0.300,c2,20,1591.405,1479.592,1645.379
100,0.000,p,1,905.205,905.205,905.205
100,0.100,p,20,1181.968,1117.299,1263.247
100,0.200,p,20,1433.354,1248.011,1456.119
100,0.300,p,20,1589.210,1483.595,1645.057
100,0.100,pr,20,1133.123,1103.258,1197.072
100,0.200,pr,20,1253.499,1170.082,1275.222
100,0.300,pr,20,1356.670,1281.505,1421.352
500,0.000,g,1,4522.163,4522.163,4522.163
500,0.100,g,20,5648.476,5510.756,5952.257
500,0.200,g,20,6176.799,5836.000,6331.073
500,0.300,g,20,6697.134,6237.249,7058.926
500,0.000,c,1,4521.540,4521.540,4521.540
500,0.100,c,20,5896.946,5580.708,6256.886
500,0.200,c,20,6552.790,6235.245,7179.110
500,0.300,c,20,7612.023,7140.550,7843.557
500,0.000,c2,1,4521.452,4521.452,4521.452
500,0.100,c2,20,5896.749,5580.527,6266.056
500,0.200,c2,20,7085.416,6234.754,7219.358
500,0.300,c2,20,7940.958,7387.917,8213.500
500,0.000,p,1,4521.426,4521.426,4521.426
500,0.100,p,20,5902.675,5580.475,6310.450
500,0.200,p,20,7158.642,6234.270,7271.869
500,0.300,p,20,7933.305,7409.233,8213.218
500,0.100,pr,20,5660.393,5510.719,5978.911
500,0.200,pr,20,6260.143,5843.120,6368.815
500,0.300,pr,20,6775.939,6400.382,7099.029
