metric,mean_ms,cv,architecture,n,median_ms,q1_ms,q3_ms
TAT,20,0.000,g,1,184.182,184.182,184.182
TAT,20,0.100,g,14,229.759,224.018,241.207
TAT,20,0.200,g,19,249.630,236.053,256.224
TAT,20,0.300,g,20,272.888,254.932,287.142
TAT,20,0.000,c,1,183.138,183.138,183.138
TAT,20,0.100,c,14,239.313,226.590,253.813
TAT,20,0.200,c,19,263.179,250.778,286.539
TAT,20,0.300,c,20,309.181,289.738,318.608
TAT,20,0.000,c2,1,182.844,182.844,182.844
TAT,20,0.100,c2,14,238.988,226.213,253.480
TAT,20,0.200,c2,19,284.324,250.306,292.519
TAT,20,0.300,c2,20,322.769,299.211,332.780
TAT,20,0.000,p,1,182.752,182.752,182.752
TAT,20,0.100,p,14,238.789,225.898,258.320
TAT,20,0.200,p,19,288.898,249.682,295.684
TAT,20,0.300,p,20,321.627,299.611,332.457
TAT,50,0.000,g,1,454.554,454.554,454.554
TAT,50,0.100,g,14,568.113,554.134,597.026
TAT,50,0.200,g,19,618.122,583.681,632.771
TAT,50,0.300,g,20,674.060,628.964,709.965
TAT,50,0.000,c,1,453.671,453.671,453.671
TAT,50,0.100,c,14,592.633,561.457,629.118
TAT,50,0.200,c,19,651.786,621.501,709.916
TAT,50,0.300,c,20,765.427,717.693,788.706
TAT,50,0.000,c2,1,453.654,453.654,453.654
TAT,50,0.100,c2,14,592.355,561.295,629.065
TAT,50,0.200,c2,19,705.072,620.971,725.471
TAT,50,0.300,c2,20,798.708,741.928,825.002
TAT,50,0.000,p,1,453.598,453.598,453.598
TAT,50,0.100,p,14,592.541,561.056,641.754
TAT,50,0.200,p,19,717.707,620.396,734.330
TAT,50,0.300,p,20,797.154,743.782,824.692
TAT,80,0.000,g,1,725.681,725.681,725.681
TAT,80,0.100,g,14,906.748,884.264,952.967
TAT,80,0.200,g,19,986.688,930.994,1009.294
TAT,80,0.300,g,20,1075.182,1002.409,1133.252
TAT,80,0.000,c,1,724.884,724.884,724.884
TAT,80,0.100,c,14,946.129,896.621,1004.579
TAT,80,0.200,c,19,1040.351,992.135,1133.226
TAT,80,0.300,c,20,1221.700,1145.635,1258.778
TAT,80,0.000,c2,1,724.912,724.912,724.912
TAT,80,0.100,c2,14,945.896,896.495,1004.731
TAT,80,0.200,c2,19,1125.803,991.595,1158.406
TAT,80,0.300,c2,20,1274.595,1184.815,1317.417
TAT,80,0.000,p,1,724.821,724.821,724.821
TAT,80,0.100,p,14,946.448,896.278,1025.515
TAT,80,0.200,p,19,1146.432,991.031,1172.872
TAT,80,0.300,p,20,1272.653,1187.863,1317.079
TAT,100,0.000,g,1,906.055,906.055,906.055
TAT,100,0.100,g,14,1131.952,1104.165,1189.744
TAT,100,0.200,g,19,1231.922,1162.237,1260.096
TAT,100,0.300,g,20,1342.373,1251.159,1414.707
TAT,100,0.000,c,1,905.328,905.328,905.328
TAT,100,0.100,c,14,1181.380,1119.744,1254.468
TAT,100,0.200,c,19,1298.953,1238.799,1415.006
TAT,100,0.300,c,20,1525.533,1430.618,1571.691
TAT,100,0.000,c2,1,905.330,905.330,905.330
TAT,100,0.100,c2,14,1181.140,1119.621,1254.816
TAT,100,0.200,c2,19,1405.930,1238.324,1446.591
TAT,100,0.300,c2,20,1591.405,1479.592,1645.379
TAT,100,0.000,p,1,905.205,905.205,905.205
TAT,100,0.100,p,14,1181.968,1119.405,1280.866
TAT,100,0.200,p,19,1431.841,1237.762,1464.782
TAT,100,0.300,p,20,1589.210,1483.595,1645.057
TAT,500,0.000,g,1,4522.163,4522.163,4522.163
TAT,500,0.100,g,14,5648.476,5510.381,5936.308
TAT,500,0.200,g,19,6146.728,5797.159,6283.078
TAT,500,0.300,g,20,6697.134,6237.249,7058.926
TAT,500,0.000,c,1,4521.540,4521.540,4521.540
TAT,500,0.100,c,14,5896.946,5591.469,6263.178
TAT,500,0.200,c,19,6482.900,6183.583,7062.735
TAT,500,0.300,c,20,7612.023,7140.550,7843.557
TAT,500,0.000,c2,1,4521.452,4521.452,4521.452
TAT,500,0.100,c2,14,5896.749,5591.315,6266.427
TAT,500,0.200,c2,19,7018.949,6183.060,7222.441
TAT,500,0.300,c2,20,7940.958,7387.917,8213.500
TAT,500,0.000,p,1,4521.426,4521.426,4521.426
TAT,500,0.100,p,14,5902.675,5591.167,6398.902
TAT,500,0.200,p,19,7151.556,6182.565,7315.479
TAT,500,0.300,p,20,7933.305,7409.233,8213.218
