ws_level_pct,sweeps,workload,series,n,median_ns,q1_ns,q3_ns
25,32,O0,iso,1,97.398,97.398,97.398
25,32,O0,g,20,101.225,101.034,101.519
25,32,O0,c,20,101.118,100.832,101.881
25,32,O0,c2,20,100.325,100.084,100.857
25,32,O0,p,20,99.403,99.273,99.922
25,32,O2,iso,1,20.993,20.993,20.993
25,32,O2,g,20,21.548,21.413,21.670
25,32,O2,c,20,21.967,21.821,22.068
25,32,O2,c2,20,21.336,21.027,21.452
25,32,O2,p,20,21.137,21.092,21.188
50,32,O0,iso,1,94.745,94.745,94.745
50,32,O0,g,20,99.303,99.073,99.522
50,32,O0,c,20,98.994,98.713,99.115
50,32,O0,c2,20,98.109,97.790,98.367
50,32,O0,p,20,97.217,97.114,97.377
50,32,O2,iso,1,20.495,20.495,20.495
50,32,O2,g,20,21.717,21.566,21.862
50,32,O2,c,20,21.846,21.746,21.933
50,32,O2,c2,20,21.474,21.425,21.621
50,32,O2,p,20,21.155,21.038,21.274
100,32,O0,iso,1,93.639,93.639,93.639
100,32,O0,g,20,100.093,99.250,100.758
100,32,O0,c,20,99.909,99.399,100.917
100,32,O0,c2,20,100.156,99.657,100.858
100,32,O0,p,20,100.178,99.458,100.650
100,32,O2,iso,1,20.245,20.245,20.245
100,32,O2,g,20,21.694,21.618,21.812
100,32,O2,c,20,22.121,21.978,22.241
100,32,O2,c2,20,22.186,22.073,22.461
100,32,O2,p,20,22.216,22.073,22.405
150,32,O0,iso,1,97.003,97.003,97.003
150,32,O0,g,20,101.737,101.572,101.812
150,32,O0,c,19,101.715,101.569,102.029
150,32,O0,c2,20,101.627,101.469,101.871
150,32,O0,p,20,101.712,101.520,102.117
150,32,O2,iso,1,20.315,20.315,20.315
150,32,O2,g,20,21.751,21.666,21.806
150,32,O2,c,20,22.163,22.079,22.271
150,32,O2,c2,20,22.473,22.224,22.895
150,32,O2,p,20,22.469,22.242,22.887
